date,product_id,uv,buyers,units,gmv,refund_amount,price,comp_price,rating
2026-06-23,P01,8607,377,396,51084.0,1570.1,129.0,135.0,4.8
2026-06-24,P01,9754,441,463,59727.0,1762.26,129.0,135.0,4.8
2026-06-25,P01,7997,394,414,53406.0,1552.65,129.0,135.0,4.81
2026-06-26,P01,8644,369,387,49923.0,1454.36,129.0,135.0,4.8
2026-06-27,P01,9821,458,481,62049.0,1896.03,129.0,135.0,4.8
2026-06-28,P01,9666,443,465,59985.0,1785.89,129.0,135.0,4.79
2026-06-29,P01,9284,410,430,55470.0,1686.37,129.0,135.0,4.81
2026-06-30,P01,8505,386,405,52245.0,1550.83,129.0,135.0,4.8
2026-07-01,P01,9508,414,435,56115.0,1625.39,129.0,135.0,4.8
2026-07-02,P01,8609,396,416,53664.0,1699.12,129.0,135.0,4.8
2026-07-03,P01,9317,427,448,57792.0,1699.75,129.0,135.0,4.8
2026-07-04,P01,9951,463,486,62694.0,1864.62,129.0,135.0,4.8
2026-07-05,P01,9870,475,499,64371.0,1926.76,129.0,135.0,4.79
2026-07-06,P01,9048,382,401,51729.0,1601.73,129.0,135.0,4.81
2026-07-07,P01,9614,449,471,60759.0,1890.48,129.0,135.0,4.8
2026-07-08,P01,9204,436,458,59082.0,1779.46,129.0,135.0,4.79
2026-07-09,P01,9206,389,408,52632.0,1571.99,129.0,135.0,4.79
2026-07-10,P01,8505,376,395,50955.0,1480.76,129.0,135.0,4.8
2026-07-11,P01,10139,487,511,65919.0,1927.9,129.0,135.0,4.8
2026-07-12,P01,9683,442,464,59856.0,1755.0,129.0,135.0,4.8
2026-07-13,P01,9008,413,434,55986.0,1692.23,129.0,135.0,4.8
2026-07-14,P01,9902,441,463,59727.0,1734.05,129.0,135.0,4.8
2026-07-15,P01,8869,401,421,54309.0,1575.8,129.0,135.0,4.8
2026-07-16,P01,8610,403,423,54567.0,1570.31,129.0,135.0,4.8
2026-07-17,P01,9257,411,432,55728.0,1662.8,129.0,135.0,4.8
2026-07-18,P01,10069,470,494,63726.0,1929.38,129.0,135.0,4.8
2026-07-19,P01,9715,489,513,66177.0,1985.18,129.0,135.0,4.8
2026-07-20,P01,9181,420,441,56889.0,1643.32,129.0,135.0,4.81
2026-07-21,P01,8871,431,453,58437.0,1878.34,129.0,135.0,4.79
2026-07-22,P01,8928,403,423,54567.0,1694.1,129.0,135.0,4.8
2026-07-23,P01,9505,439,461,59469.0,1696.82,129.0,135.0,4.8
2026-07-24,P01,9524,433,455,58695.0,1805.74,129.0,135.0,4.81
2026-07-25,P01,9692,425,446,57534.0,1681.8,129.0,135.0,4.8
2026-07-26,P01,9572,456,479,61791.0,1896.71,129.0,135.0,4.8
2026-07-27,P01,9561,423,444,57276.0,1659.7,129.0,135.0,4.8
2026-07-28,P01,9270,421,442,57018.0,1649.59,129.0,135.0,4.8
2026-07-29,P01,8846,410,430,55470.0,1626.86,129.0,135.0,4.8
2026-07-30,P01,8291,359,377,48633.0,1502.79,129.0,135.0,4.8
2026-07-31,P01,8686,421,442,57018.0,1790.87,129.0,135.0,4.8
2026-08-01,P01,9987,465,488,62952.0,1916.9,129.0,135.0,4.79
2026-08-02,P01,10396,509,534,68886.0,2005.59,129.0,135.0,4.8
2026-08-03,P01,8516,363,381,49149.0,1524.06,129.0,135.0,4.8
2026-08-04,P01,9011,421,442,57018.0,1657.46,129.0,135.0,4.8
2026-08-05,P01,8797,404,424,54696.0,1594.08,129.0,135.0,4.8
2026-08-06,P01,8128,365,383,49407.0,1474.55,129.0,135.0,4.8
2026-08-07,P01,8814,423,444,57276.0,1732.32,129.0,135.0,4.81
2026-08-08,P01,24360,1555,1633,189428.0,5565.85,116.0,122.0,4.8
2026-08-09,P01,10625,500,525,67725.0,2014.13,129.0,135.0,4.81
2026-08-10,P01,9705,431,453,58437.0,1817.99,129.0,135.0,4.81
2026-08-11,P01,9015,441,463,59727.0,1773.24,129.0,135.0,4.81
2026-08-12,P01,9102,423,444,57276.0,1707.38,129.0,135.0,4.8
2026-08-13,P01,8579,383,402,51858.0,1569.79,129.0,135.0,4.79
2026-08-14,P01,8867,384,403,51987.0,1582.76,129.0,135.0,4.8
2026-08-15,P01,10768,478,502,64758.0,1990.0,129.0,135.0,4.8
2026-08-16,P01,10003,466,489,63081.0,1899.7,129.0,135.0,4.81
2026-08-17,P01,8601,373,392,50568.0,1497.99,129.0,135.0,4.8
2026-08-18,P01,9443,436,458,59082.0,1766.15,129.0,135.0,4.8
2026-08-19,P01,8919,409,429,55341.0,1613.07,129.0,135.0,4.8
2026-08-20,P01,8341,369,387,49923.0,1429.62,129.0,135.0,4.79
2026-08-21,P01,8639,373,392,50568.0,1397.53,129.0,135.0,4.81
2026-08-22,P01,9909,433,455,58695.0,1801.58,129.0,135.0,4.8
2026-08-23,P01,9638,454,477,61533.0,1903.91,129.0,135.0,4.81
2026-08-24,P01,8881,419,440,56760.0,1784.94,129.0,135.0,4.8
2026-08-25,P01,9281,413,434,55986.0,1694.23,129.0,135.0,4.8
2026-08-26,P01,8425,339,356,45924.0,1378.07,129.0,135.0,4.8
2026-08-27,P01,7988,350,368,47472.0,1289.02,129.0,135.0,4.8
2026-08-28,P01,8967,395,415,53535.0,1542.3,129.0,135.0,4.8
2026-08-29,P01,9456,404,424,54696.0,1743.9,129.0,135.0,4.81
2026-08-30,P01,9512,435,457,58953.0,1763.18,129.0,135.0,4.81
2026-08-31,P01,8844,398,418,53922.0,1653.65,129.0,135.0,4.8
2026-09-01,P01,9407,410,430,55470.0,1676.35,129.0,135.0,4.81
2026-09-02,P01,8652,390,410,52890.0,1602.44,129.0,135.0,4.8
2026-09-03,P01,8784,422,443,57147.0,1732.49,129.0,135.0,4.81
2026-09-04,P01,8846,377,396,51084.0,1562.13,129.0,135.0,4.8
2026-09-05,P01,8833,396,416,53664.0,1655.91,129.0,135.0,4.8
2026-09-06,P01,10228,472,496,63984.0,1904.93,129.0,135.0,4.81
2026-09-07,P01,8815,373,392,50568.0,1537.78,129.0,135.0,4.8
2026-09-08,P01,8975,413,434,55986.0,1760.67,129.0,135.0,4.81
2026-09-09,P01,8555,375,394,50826.0,1546.56,129.0,135.0,4.81
2026-09-10,P01,8360,367,385,49665.0,1461.22,129.0,135.0,4.8
2026-09-11,P01,9057,403,423,54567.0,1658.67,129.0,135.0,4.81
2026-09-12,P01,9607,428,449,57921.0,1749.18,129.0,135.0,4.8
2026-09-13,P01,9705,453,476,61404.0,1789.76,129.0,135.0,4.8
2026-09-14,P01,10276,471,495,63855.0,1969.03,129.0,135.0,4.8
2026-09-15,P01,8326,386,405,52245.0,1552.95,129.0,135.0,4.8
2026-09-16,P01,9015,399,419,54051.0,1543.48,129.0,135.0,4.8
2026-09-17,P01,10277,302,317,40893.0,1205.13,129.0,135.0,4.79
2026-09-18,P01,8875,270,284,36636.0,1091.43,129.0,135.0,4.8
2026-09-19,P01,9787,279,293,37797.0,1129.0,129.0,135.0,4.8
2026-09-20,P01,9729,306,321,41409.0,1243.65,129.0,135.0,4.79
2026-06-23,P02,2838,94,94,27166.0,778.82,289.0,299.0,4.8
2026-06-24,P02,2981,107,107,30923.0,892.0,289.0,299.0,4.8
2026-06-25,P02,2910,102,102,29478.0,934.32,289.0,299.0,4.8
2026-06-26,P02,2907,99,99,28611.0,848.8,289.0,299.0,4.79
2026-06-27,P02,3465,130,130,37570.0,1178.33,289.0,299.0,4.79
2026-06-28,P02,3346,111,111,32079.0,949.04,289.0,299.0,4.8
2026-06-29,P02,3255,113,113,32657.0,979.87,289.0,299.0,4.8
2026-06-30,P02,2822,100,100,28900.0,833.62,289.0,299.0,4.79
2026-07-01,P02,3210,113,113,32657.0,972.57,289.0,299.0,4.8
2026-07-02,P02,2909,100,100,28900.0,852.63,289.0,299.0,4.8
2026-07-03,P02,3139,109,109,31501.0,977.28,289.0,299.0,4.81
2026-07-04,P02,3139,119,119,34391.0,1049.54,289.0,299.0,4.79
2026-07-05,P02,3159,113,113,32657.0,946.97,289.0,299.0,4.8
2026-07-06,P02,3153,110,110,31790.0,940.23,289.0,299.0,4.8
2026-07-07,P02,2902,100,100,28900.0,852.08,289.0,299.0,4.8
2026-07-08,P02,2865,99,99,28611.0,832.8,289.0,299.0,4.8
2026-07-09,P02,2963,103,103,29767.0,912.3,289.0,299.0,4.8
2026-07-10,P02,2876,96,96,27744.0,795.85,289.0,299.0,4.8
2026-07-11,P02,3117,108,108,31212.0,921.09,289.0,299.0,4.8
2026-07-12,P02,3314,117,117,33813.0,1015.41,289.0,299.0,4.8
2026-07-13,P02,3109,104,104,30056.0,892.3,289.0,299.0,4.8
2026-07-14,P02,2698,94,94,27166.0,764.05,289.0,299.0,4.81
2026-07-15,P02,3101,110,110,31790.0,981.21,289.0,299.0,4.8
2026-07-16,P02,3229,121,121,34969.0,1121.3,289.0,299.0,4.81
2026-07-17,P02,2998,106,106,30634.0,930.3,289.0,299.0,4.81
2026-07-18,P02,3274,127,127,36703.0,1151.17,289.0,299.0,4.8
2026-07-19,P02,3384,132,132,38148.0,1144.42,289.0,299.0,4.81
2026-07-20,P02,3011,100,100,28900.0,860.59,289.0,299.0,4.8
2026-07-21,P02,3095,112,112,32368.0,1000.19,289.0,299.0,4.81
2026-07-22,P02,3059,112,112,32368.0,972.25,289.0,299.0,4.8
2026-07-23,P02,2565,94,94,27166.0,792.71,289.0,299.0,4.8
2026-07-24,P02,3101,113,113,32657.0,961.36,289.0,299.0,4.8
2026-07-25,P02,3317,127,127,36703.0,1091.58,289.0,299.0,4.79
2026-07-26,P02,3281,122,122,35258.0,1018.43,289.0,299.0,4.79
2026-07-27,P02,2984,102,102,29478.0,821.78,289.0,299.0,4.8
2026-07-28,P02,3241,116,116,33524.0,969.34,289.0,299.0,4.79
2026-07-29,P02,3137,104,104,30056.0,891.24,289.0,299.0,4.8
2026-07-30,P02,2994,107,107,30923.0,932.5,289.0,299.0,4.8
2026-07-31,P02,2848,100,100,28900.0,863.34,289.0,299.0,4.81
2026-08-01,P02,3327,123,123,35547.0,1035.62,289.0,299.0,4.8
2026-08-02,P02,3488,133,133,38437.0,1155.07,289.0,299.0,4.8
2026-08-03,P02,2822,99,99,28611.0,797.38,289.0,299.0,4.8
2026-08-04,P02,3317,113,113,32657.0,994.17,289.0,299.0,4.8
2026-08-05,P02,3035,105,105,30345.0,943.41,289.0,299.0,4.8
2026-08-06,P02,3055,107,107,30923.0,916.16,289.0,299.0,4.81
2026-08-07,P02,2683,101,101,29189.0,823.33,289.0,299.0,4.81
2026-08-08,P02,7716,381,381,99060.0,2831.0,260.0,269.0,4.8
2026-08-09,P02,3303,126,126,36414.0,1122.61,289.0,299.0,4.81
2026-08-10,P02,2947,107,107,30923.0,922.87,289.0,299.0,4.8
2026-08-11,P02,3129,112,112,32368.0,942.72,289.0,299.0,4.8
2026-08-12,P02,2946,107,107,30923.0,915.6,289.0,299.0,4.81
2026-08-13,P02,2849,97,97,28033.0,851.77,289.0,299.0,4.8
2026-08-14,P02,3120,104,104,30056.0,857.97,289.0,299.0,4.81
2026-08-15,P02,3225,123,123,35547.0,1032.95,289.0,299.0,4.8
2026-08-16,P02,3054,112,112,32368.0,948.22,289.0,299.0,4.8
2026-08-17,P02,2888,100,100,28900.0,825.69,289.0,299.0,4.81
2026-08-18,P02,3159,112,112,32368.0,962.68,289.0,299.0,4.8
2026-08-19,P02,2711,96,96,27744.0,785.25,289.0,299.0,4.8
2026-08-20,P02,3156,115,115,33235.0,1002.19,289.0,299.0,4.8
2026-08-21,P02,2993,106,106,30634.0,914.78,289.0,299.0,4.8
2026-08-22,P02,3155,117,117,33813.0,1040.69,289.0,299.0,4.8
2026-08-23,P02,3152,113,113,32657.0,990.08,289.0,299.0,4.8
2026-08-24,P02,3134,116,116,33524.0,1003.58,289.0,299.0,4.8
2026-08-25,P02,3005,105,105,30345.0,945.66,289.0,299.0,4.8
2026-08-26,P02,3002,109,109,31501.0,941.87,289.0,299.0,4.8
2026-08-27,P02,2821,93,93,26877.0,785.86,289.0,299.0,4.8
2026-08-28,P02,2900,101,101,29189.0,850.47,289.0,299.0,4.8
2026-08-29,P02,3475,123,123,35547.0,1056.01,289.0,299.0,4.8
2026-08-30,P02,3425,122,122,35258.0,1017.75,289.0,299.0,4.8
2026-08-31,P02,3108,111,111,32079.0,986.56,289.0,299.0,4.79
2026-09-01,P02,2901,100,100,28900.0,879.16,289.0,299.0,4.8
2026-09-02,P02,3109,107,107,30923.0,927.12,289.0,299.0,4.79
2026-09-03,P02,3066,111,111,32079.0,958.26,289.0,299.0,4.8
2026-09-04,P02,3272,123,123,35547.0,1085.12,289.0,299.0,4.79
2026-09-05,P02,3094,107,107,30923.0,928.84,289.0,299.0,4.8
2026-09-06,P02,3223,120,120,34680.0,1087.41,289.0,299.0,4.8
2026-09-07,P02,3059,100,100,28900.0,889.12,289.0,299.0,4.8
2026-09-08,P02,3190,106,106,30634.0,946.49,289.0,299.0,4.81
2026-09-09,P02,3038,104,104,30056.0,915.91,289.0,299.0,4.8
2026-09-10,P02,2860,105,105,30345.0,896.22,289.0,299.0,4.8
2026-09-11,P02,3179,111,111,32079.0,966.7,289.0,299.0,4.8
2026-09-12,P02,3337,117,117,33813.0,1032.3,289.0,269.0,4.81
2026-09-13,P02,3553,102,102,29478.0,910.75,289.0,269.0,4.8
2026-09-14,P02,2960,87,87,25143.0,751.0,289.0,269.0,4.8
2026-09-15,P02,3047,89,89,25721.0,734.09,289.0,269.0,4.8
2026-09-16,P02,3007,83,83,23987.0,707.64,289.0,269.0,4.8
2026-09-17,P02,2994,91,91,26299.0,775.72,289.0,269.0,4.79
2026-09-18,P02,3104,86,86,24854.0,770.17,289.0,269.0,4.8
2026-09-19,P02,3166,98,98,28322.0,872.32,289.0,269.0,4.8
2026-09-20,P02,3324,97,97,28033.0,844.36,289.0,269.0,4.81
2026-07-25,P03,740,33,35,3465.0,100.78,99.0,105.0,4.79
2026-07-26,P03,793,37,39,3861.0,117.14,99.0,105.0,4.8
2026-07-27,P03,808,37,39,3861.0,116.08,99.0,105.0,4.8
2026-07-28,P03,848,39,41,4059.0,125.42,99.0,105.0,4.78
2026-07-29,P03,851,37,39,3861.0,115.18,99.0,105.0,4.79
2026-07-30,P03,1008,47,49,4851.0,149.92,99.0,105.0,4.8
2026-07-31,P03,1026,46,48,4752.0,139.81,99.0,105.0,4.81
2026-08-01,P03,1091,51,54,5346.0,159.54,99.0,105.0,4.8
2026-08-02,P03,1228,56,59,5841.0,173.67,99.0,105.0,4.8
2026-08-03,P03,1088,51,54,5346.0,161.38,99.0,105.0,4.81
2026-08-04,P03,1260,58,61,6039.0,188.33,99.0,105.0,4.8
2026-08-05,P03,1207,51,54,5346.0,157.17,99.0,105.0,4.8
2026-08-06,P03,1238,56,59,5841.0,179.35,99.0,105.0,4.8
2026-08-07,P03,1315,62,65,6435.0,187.1,99.0,105.0,4.79
2026-08-08,P03,3816,248,260,23140.0,705.25,89.0,94.0,4.8
2026-08-09,P03,1514,70,74,7326.0,228.91,99.0,105.0,4.79
2026-08-10,P03,1353,57,60,5940.0,172.27,99.0,105.0,4.79
2026-08-11,P03,1465,66,69,6831.0,208.1,99.0,105.0,4.81
2026-08-12,P03,1473,67,70,6930.0,202.42,99.0,105.0,4.8
2026-08-13,P03,1624,73,77,7623.0,230.7,99.0,105.0,4.8
2026-08-14,P03,1578,75,79,7821.0,220.84,99.0,105.0,4.8
2026-08-15,P03,1673,77,81,8019.0,220.92,99.0,105.0,4.8
2026-08-16,P03,1872,86,90,8910.0,271.89,99.0,105.0,4.8
2026-08-17,P03,1596,71,75,7425.0,217.64,99.0,105.0,4.8
2026-08-18,P03,1742,73,77,7623.0,234.29,99.0,105.0,4.81
2026-08-19,P03,1770,80,84,8316.0,256.59,99.0,105.0,4.8
2026-08-20,P03,1774,81,85,8415.0,267.51,99.0,105.0,4.8
2026-08-21,P03,1907,88,92,9108.0,267.04,99.0,105.0,4.79
2026-08-22,P03,1906,88,92,9108.0,262.09,99.0,105.0,4.8
2026-08-23,P03,2029,92,97,9603.0,294.73,99.0,105.0,4.8
2026-08-24,P03,1950,86,90,8910.0,272.05,99.0,105.0,4.81
2026-08-25,P03,1860,81,85,8415.0,246.37,99.0,105.0,4.8
2026-08-26,P03,1893,84,88,8712.0,259.63,99.0,105.0,4.8
2026-08-27,P03,1982,93,98,9702.0,285.27,99.0,105.0,4.79
2026-08-28,P03,1866,87,91,9009.0,271.41,99.0,105.0,4.79
2026-08-29,P03,2385,112,118,11682.0,333.6,99.0,105.0,4.8
2026-08-30,P03,2102,97,102,10098.0,306.95,99.0,105.0,4.8
2026-08-31,P03,1994,91,96,9504.0,283.57,99.0,105.0,4.8
2026-09-01,P03,2190,99,104,10296.0,308.07,99.0,105.0,4.8
2026-09-02,P03,2100,97,102,10098.0,308.07,99.0,105.0,4.79
2026-09-03,P03,2115,100,105,10395.0,299.63,99.0,105.0,4.79
2026-09-04,P03,2127,97,102,10098.0,300.96,99.0,105.0,4.8
2026-09-05,P03,2496,122,128,12672.0,365.65,99.0,105.0,4.8
2026-09-06,P03,2315,111,117,11583.0,365.27,99.0,105.0,4.8
2026-09-07,P03,1993,93,98,9702.0,290.48,99.0,105.0,4.8
2026-09-08,P03,2399,110,116,11484.0,351.62,99.0,105.0,4.8
2026-09-09,P03,2354,110,116,11484.0,359.59,99.0,105.0,4.79
2026-09-10,P03,2304,102,107,10593.0,327.54,99.0,105.0,4.8
2026-09-11,P03,2161,95,100,9900.0,300.66,99.0,105.0,4.81
2026-09-12,P03,2396,113,119,11781.0,343.09,99.0,105.0,4.8
2026-09-13,P03,2572,114,120,11880.0,370.86,99.0,105.0,4.8
2026-09-14,P03,2141,97,102,10098.0,284.75,99.0,105.0,4.8
2026-09-15,P03,1455,64,67,6633.0,202.3,99.0,105.0,4.8
2026-09-16,P03,1675,71,75,7425.0,211.95,99.0,105.0,4.8
2026-09-17,P03,1622,77,81,8019.0,246.12,99.0,105.0,4.79
2026-09-18,P03,1417,63,66,6534.0,190.57,99.0,105.0,4.79
2026-09-19,P03,1860,87,91,9009.0,261.1,99.0,105.0,4.81
2026-09-20,P03,1698,82,86,8514.0,256.25,99.0,105.0,4.79
2026-09-01,P04,780,23,23,4577.0,137.23,199.0,209.0,4.8
2026-09-02,P04,1170,35,35,6965.0,201.34,199.0,209.0,4.8
2026-09-03,P04,1690,51,51,10149.0,297.68,199.0,209.0,4.8
2026-09-04,P04,1040,31,31,6169.0,188.01,199.0,209.0,4.8
2026-09-05,P04,1716,53,53,10547.0,316.0,199.0,209.0,4.8
2026-09-06,P04,2002,62,62,12338.0,391.07,199.0,209.0,4.8
2026-09-07,P04,1755,53,53,10547.0,310.23,199.0,209.0,4.81
2026-09-08,P04,910,27,27,5373.0,160.0,199.0,209.0,4.8
2026-09-09,P04,1560,47,47,9353.0,281.75,199.0,209.0,4.8
2026-09-10,P04,1820,55,55,10945.0,320.18,199.0,209.0,4.8
2026-09-11,P04,975,29,29,5771.0,176.13,199.0,209.0,4.79
2026-09-12,P04,1859,57,57,11343.0,337.84,199.0,209.0,4.8
2026-09-13,P04,1573,49,49,9751.0,291.23,199.0,209.0,4.81
2026-09-14,P04,1040,31,31,6169.0,188.85,199.0,209.0,4.79
2026-09-15,P04,1560,47,47,9353.0,274.54,199.0,209.0,4.8
2026-09-16,P04,845,25,25,4975.0,151.16,199.0,209.0,4.81
2026-09-17,P04,1430,43,43,8557.0,258.25,199.0,209.0,4.8
2026-09-18,P04,1170,35,35,6965.0,198.58,199.0,209.0,4.8
2026-09-19,P04,1788,55,55,10945.0,321.6,199.0,209.0,4.8
2026-09-20,P04,1001,31,31,6169.0,176.5,199.0,209.0,4.79
2026-06-23,P05,11518,699,909,35451.0,1056.09,39.0,42.0,4.8
2026-06-24,P05,12153,730,949,37011.0,1115.81,39.0,42.0,4.8
2026-06-25,P05,12088,722,939,36621.0,1052.8,39.0,42.0,4.8
2026-06-26,P05,12360,739,961,37479.0,1066.12,39.0,42.0,4.8
2026-06-27,P05,12120,770,1001,39039.0,1163.94,39.0,42.0,4.79
2026-06-28,P05,12970,814,1058,41262.0,1314.7,39.0,42.0,4.8
2026-06-29,P05,11924,757,984,38376.0,1194.91,39.0,42.0,4.79
2026-06-30,P05,13004,792,1030,40170.0,1169.34,39.0,42.0,4.8
2026-07-01,P05,11956,722,939,36621.0,1150.51,39.0,42.0,4.8
2026-07-02,P05,11671,741,963,37557.0,1157.94,39.0,42.0,4.8
2026-07-03,P05,11834,718,933,36387.0,1105.32,39.0,42.0,4.8
2026-07-04,P05,13323,819,1065,41535.0,1210.84,39.0,42.0,4.81
2026-07-05,P05,13814,819,1065,41535.0,1224.17,39.0,42.0,4.8
2026-07-06,P05,12241,716,931,36309.0,1079.6,39.0,42.0,4.8
2026-07-07,P05,11253,706,918,35802.0,1081.45,39.0,42.0,4.79
2026-07-08,P05,10977,677,880,34320.0,1079.95,39.0,42.0,4.8
2026-07-09,P05,12520,758,985,38415.0,1086.17,39.0,42.0,4.79
2026-07-10,P05,11409,702,913,35607.0,1062.77,39.0,42.0,4.81
2026-07-11,P05,13614,890,1157,45123.0,1370.45,39.0,42.0,4.79
2026-07-12,P05,13716,844,1097,42783.0,1296.41,39.0,42.0,4.81
2026-07-13,P05,12535,788,1024,39936.0,1216.89,39.0,42.0,4.8
2026-07-14,P05,12725,779,1013,39507.0,1183.84,39.0,42.0,4.8
2026-07-15,P05,11837,705,916,35724.0,1088.06,39.0,42.0,4.81
2026-07-16,P05,10526,608,790,30810.0,948.34,39.0,42.0,4.8
2026-07-17,P05,11980,742,965,37635.0,1129.45,39.0,42.0,4.8
2026-07-18,P05,11908,736,957,37323.0,1095.67,39.0,42.0,4.81
2026-07-19,P05,14024,825,1072,41808.0,1219.64,39.0,42.0,4.8
2026-07-20,P05,11636,668,868,33852.0,994.18,39.0,42.0,4.8
2026-07-21,P05,13594,831,1080,42120.0,1284.82,39.0,42.0,4.8
2026-07-22,P05,11897,739,961,37479.0,1133.78,39.0,42.0,4.81
2026-07-23,P05,11775,667,867,33813.0,931.6,39.0,42.0,4.8
2026-07-24,P05,12349,715,930,36270.0,1081.26,39.0,42.0,4.79
2026-07-25,P05,13323,835,1086,42354.0,1287.87,39.0,42.0,4.8
2026-07-26,P05,12835,812,1056,41184.0,1224.93,39.0,42.0,4.79
2026-07-27,P05,11330,681,885,34515.0,1023.16,39.0,42.0,4.8
2026-07-28,P05,12324,728,946,36894.0,1117.86,39.0,42.0,4.8
2026-07-29,P05,12714,748,972,37908.0,1211.98,39.0,42.0,4.8
2026-07-30,P05,12320,746,970,37830.0,1082.0,39.0,42.0,4.79
2026-07-31,P05,11662,714,928,36192.0,1091.14,39.0,42.0,4.8
2026-08-01,P05,11911,767,997,38883.0,1210.35,39.0,42.0,4.8
2026-08-02,P05,12507,778,1011,39429.0,1175.6,39.0,42.0,4.8
2026-08-03,P05,13017,760,988,38532.0,1148.73,39.0,42.0,4.8
2026-08-04,P05,12528,766,996,38844.0,1098.58,39.0,42.0,4.79
2026-08-05,P05,12371,789,1026,40014.0,1112.26,39.0,42.0,4.81
2026-08-06,P05,12247,757,984,38376.0,1049.37,39.0,42.0,4.8
2026-08-07,P05,11607,687,893,34827.0,1049.08,39.0,42.0,4.8
2026-08-08,P05,32847,2897,3766,131810.0,3797.73,35.0,38.0,4.81
2026-08-09,P05,13842,849,1104,43056.0,1236.88,39.0,42.0,4.8
2026-08-10,P05,12445,791,1028,40092.0,1263.17,39.0,42.0,4.79
2026-08-11,P05,12166,707,919,35841.0,1087.46,39.0,42.0,4.8
2026-08-12,P05,11969,723,940,36660.0,1163.89,39.0,42.0,4.79
2026-08-13,P05,12091,715,930,36270.0,1066.61,39.0,42.0,4.8
2026-08-14,P05,12490,724,941,36699.0,1105.77,39.0,42.0,4.79
2026-08-15,P05,11979,721,937,36543.0,1096.77,39.0,42.0,4.8
2026-08-16,P05,12482,797,1036,40404.0,1214.84,39.0,42.0,4.79
2026-08-17,P05,11872,757,984,38376.0,1194.02,39.0,42.0,4.81
2026-08-18,P05,11611,725,942,36738.0,1088.31,39.0,42.0,4.8
2026-08-19,P05,12132,705,916,35724.0,1061.73,39.0,42.0,4.8
2026-08-20,P05,12535,747,971,37869.0,1137.4,39.0,42.0,4.8
2026-08-21,P05,11170,666,866,33774.0,1033.42,39.0,42.0,4.8
2026-08-22,P05,14456,910,1183,46137.0,1409.21,39.0,42.0,4.8
2026-08-23,P05,13455,841,1093,42627.0,1260.22,39.0,42.0,4.79
2026-08-24,P05,12542,739,961,37479.0,1135.4,39.0,42.0,4.81
2026-08-25,P05,10789,625,812,31668.0,980.54,39.0,42.0,4.8
2026-08-26,P05,11908,712,926,36114.0,1119.75,39.0,42.0,4.8
2026-08-27,P05,13522,807,1049,40911.0,1266.93,39.0,42.0,4.8
2026-08-28,P05,10350,634,824,32136.0,984.31,39.0,42.0,4.81
2026-08-29,P05,13267,849,1104,43056.0,1340.58,39.0,42.0,4.8
2026-08-30,P05,13978,893,1161,45279.0,1350.14,39.0,42.0,4.8
2026-08-31,P05,12034,692,900,35100.0,1045.94,39.0,42.0,4.8
2026-09-01,P05,11799,705,916,35724.0,1109.26,39.0,42.0,4.8
2026-09-02,P05,12104,731,950,37050.0,1123.14,39.0,42.0,4.8
2026-09-03,P05,10854,678,881,34359.0,1012.01,39.0,42.0,4.8
2026-09-04,P05,12448,747,971,37869.0,1169.29,39.0,42.0,4.8
2026-09-05,P05,14176,850,1105,43095.0,1315.01,39.0,42.0,4.81
2026-09-06,P05,12983,777,1010,39390.0,1129.22,39.0,42.0,4.79
2026-09-07,P05,11510,676,879,34281.0,1068.12,39.0,42.0,4.8
2026-09-08,P05,11573,675,878,34242.0,1040.53,39.0,42.0,4.8
2026-09-09,P05,12897,771,1002,39078.0,1110.51,39.0,42.0,4.8
2026-09-10,P05,12620,776,1009,39351.0,1231.9,39.0,42.0,4.8
2026-09-11,P05,12049,713,927,36153.0,1186.8,39.0,42.0,4.8
2026-09-12,P05,12985,788,1024,39936.0,1231.83,39.0,42.0,4.8
2026-09-13,P05,12866,521,677,26403.0,807.03,39.0,42.0,4.8
2026-09-14,P05,12801,508,660,25740.0,782.75,39.0,42.0,4.8
2026-09-15,P05,11207,646,840,32760.0,963.28,39.0,42.0,4.8
2026-09-16,P05,12104,737,958,37362.0,1160.84,39.0,42.0,4.8
2026-09-17,P05,12489,747,971,37869.0,1080.3,39.0,42.0,4.8
2026-09-18,P05,11988,742,965,37635.0,1122.97,39.0,42.0,4.81
2026-09-19,P05,13278,804,1045,40755.0,1251.07,39.0,42.0,4.8
2026-09-20,P05,14875,923,1200,46800.0,1427.95,39.0,42.0,4.8
2026-06-23,P06,3353,136,139,22101.0,664.87,159.0,169.0,4.8
2026-06-24,P06,3361,134,137,21783.0,668.21,159.0,169.0,4.81
2026-06-25,P06,3563,147,150,23850.0,706.57,159.0,169.0,4.8
2026-06-26,P06,3870,159,162,25758.0,751.98,159.0,169.0,4.8
2026-06-27,P06,3700,158,161,25599.0,795.02,159.0,169.0,4.8
2026-06-28,P06,3689,153,156,24804.0,723.7,159.0,169.0,4.81
2026-06-29,P06,3549,146,149,23691.0,711.58,159.0,169.0,4.8
2026-06-30,P06,3611,144,147,23373.0,709.69,159.0,169.0,4.8
2026-07-01,P06,3751,144,147,23373.0,717.59,159.0,169.0,4.79
2026-07-02,P06,3446,145,148,23532.0,714.25,159.0,169.0,4.79
2026-07-03,P06,3503,134,137,21783.0,666.39,159.0,169.0,4.81
2026-07-04,P06,4031,163,166,26394.0,785.75,159.0,169.0,4.8
2026-07-05,P06,3623,156,159,25281.0,762.94,159.0,169.0,4.8
2026-07-06,P06,3631,142,145,23055.0,685.86,159.0,169.0,4.8
2026-07-07,P06,3497,144,147,23373.0,677.14,159.0,169.0,4.8
2026-07-08,P06,3413,133,136,21624.0,639.32,159.0,169.0,4.8
2026-07-09,P06,3522,137,140,22260.0,690.07,159.0,169.0,4.79
2026-07-10,P06,3505,142,145,23055.0,692.16,159.0,169.0,4.8
2026-07-11,P06,3658,143,146,23214.0,686.6,159.0,169.0,4.79
2026-07-12,P06,4114,175,178,28302.0,799.55,159.0,169.0,4.8
2026-07-13,P06,3245,129,132,20988.0,641.67,159.0,169.0,4.81
2026-07-14,P06,3950,159,162,25758.0,750.73,159.0,169.0,4.79
2026-07-15,P06,3106,113,115,18285.0,549.71,159.0,169.0,4.81
2026-07-16,P06,3245,131,134,21306.0,649.29,159.0,169.0,4.8
2026-07-17,P06,3253,126,129,20511.0,643.33,159.0,169.0,4.8
2026-07-18,P06,4152,165,168,26712.0,781.98,159.0,169.0,4.8
2026-07-19,P06,3827,168,171,27189.0,825.25,159.0,169.0,4.8
2026-07-20,P06,3830,151,154,24486.0,717.49,159.0,169.0,4.8
2026-07-21,P06,3482,137,140,22260.0,673.66,159.0,169.0,4.79
2026-07-22,P06,3692,149,152,24168.0,719.44,159.0,169.0,4.81
2026-07-23,P06,3587,132,135,21465.0,655.5,159.0,169.0,4.8
2026-07-24,P06,3551,149,152,24168.0,716.09,159.0,169.0,4.8
2026-07-25,P06,3911,164,167,26553.0,772.36,159.0,169.0,4.79
2026-07-26,P06,3835,158,161,25599.0,770.67,159.0,169.0,4.8
2026-07-27,P06,3547,135,138,21942.0,645.58,159.0,169.0,4.79
2026-07-28,P06,3748,153,156,24804.0,749.47,159.0,169.0,4.79
2026-07-29,P06,3576,150,153,24327.0,734.22,159.0,169.0,4.8
2026-07-30,P06,4090,166,169,26871.0,779.89,159.0,169.0,4.8
2026-07-31,P06,3529,133,136,21624.0,657.77,159.0,169.0,4.8
2026-08-01,P06,3415,146,149,23691.0,719.5,159.0,169.0,4.8
2026-08-02,P06,3700,148,151,24009.0,703.27,159.0,169.0,4.79
2026-08-03,P06,3490,146,149,23691.0,721.29,159.0,169.0,4.79
2026-08-04,P06,3439,135,138,21942.0,675.64,159.0,169.0,4.8
2026-08-05,P06,3407,129,132,20988.0,622.85,159.0,169.0,4.81
2026-08-06,P06,3423,137,140,22260.0,636.38,159.0,169.0,4.79
2026-08-07,P06,3443,135,138,21942.0,643.7,159.0,169.0,4.8
2026-08-08,P06,8984,554,565,80795.0,2351.62,143.0,152.0,4.81
2026-08-09,P06,4001,165,168,26712.0,802.19,159.0,169.0,4.8
2026-08-10,P06,3396,129,132,20988.0,568.1,159.0,169.0,4.8
2026-08-11,P06,3420,132,135,21465.0,649.03,159.0,169.0,4.8
2026-08-12,P06,3633,146,149,23691.0,679.11,159.0,169.0,4.8
2026-08-13,P06,3116,119,121,19239.0,577.6,159.0,169.0,4.8
2026-08-14,P06,3320,130,133,21147.0,635.37,159.0,169.0,4.8
2026-08-15,P06,3857,155,158,25122.0,719.15,159.0,169.0,4.8
2026-08-16,P06,3939,163,166,26394.0,790.8,159.0,169.0,4.8
2026-08-17,P06,3507,131,134,21306.0,636.88,159.0,169.0,4.8
2026-08-18,P06,3442,135,138,21942.0,671.53,159.0,169.0,4.8
2026-08-19,P06,3607,143,146,23214.0,682.4,159.0,169.0,4.8
2026-08-20,P06,3459,141,144,22896.0,656.95,159.0,169.0,4.79
2026-08-21,P06,3368,137,140,22260.0,652.14,159.0,169.0,4.79
2026-08-22,P06,4009,164,167,26553.0,812.19,159.0,169.0,4.8
2026-08-23,P06,3910,152,155,24645.0,754.3,159.0,169.0,4.8
2026-08-24,P06,3451,133,136,21624.0,692.35,159.0,169.0,4.8
2026-08-25,P06,3326,132,135,21465.0,647.17,159.0,169.0,4.8
2026-08-26,P06,3558,145,148,23532.0,692.81,159.0,169.0,4.8
2026-08-27,P06,3618,153,156,24804.0,756.44,159.0,169.0,4.8
2026-08-28,P06,3344,140,143,22737.0,674.95,159.0,169.0,4.8
2026-08-29,P06,3711,155,158,25122.0,758.66,159.0,169.0,4.8
2026-08-30,P06,4420,180,184,29256.0,915.61,159.0,169.0,4.8
2026-08-31,P06,3439,143,146,23214.0,704.43,159.0,169.0,4.79
2026-09-01,P06,3396,147,150,23850.0,716.41,159.0,169.0,4.79
2026-09-02,P06,3689,146,149,23691.0,694.12,159.0,169.0,4.8
2026-09-03,P06,3510,133,136,21624.0,645.11,159.0,169.0,4.8
2026-09-04,P06,3545,143,146,23214.0,702.28,159.0,169.0,4.8
2026-09-05,P06,4003,172,175,27825.0,845.29,159.0,169.0,4.81
2026-09-06,P06,3573,148,151,24009.0,711.5,159.0,169.0,4.8
2026-09-07,P06,3947,162,165,26235.0,782.5,159.0,169.0,4.81
2026-09-08,P06,3416,133,136,21624.0,640.16,159.0,169.0,4.8
2026-09-09,P06,3629,136,139,22101.0,642.43,159.0,169.0,4.79
2026-09-10,P06,3528,136,139,22101.0,683.01,159.0,169.0,4.8
2026-09-11,P06,3506,129,132,20988.0,627.1,159.0,169.0,4.81
2026-09-12,P06,3680,156,159,25281.0,754.08,159.0,169.0,4.79
2026-09-13,P06,3958,162,165,26235.0,806.26,159.0,169.0,4.8
2026-09-14,P06,3219,142,145,23055.0,694.04,159.0,169.0,4.81
2026-09-15,P06,3238,123,125,19875.0,623.04,159.0,169.0,4.8
2026-09-16,P06,3542,143,146,23214.0,704.6,159.0,169.0,4.8
2026-09-17,P06,3421,141,144,22896.0,664.68,159.0,169.0,4.8
2026-09-18,P06,6869,265,270,42930.0,1282.41,159.0,169.0,4.81
2026-09-19,P06,6740,282,288,45792.0,1425.28,159.0,169.0,4.8
2026-09-20,P06,6661,280,286,45474.0,1375.92,159.0,169.0,4.8
2026-06-23,P07,7566,354,407,28083.0,849.8,69.0,72.0,4.8
2026-06-24,P07,8435,412,474,32706.0,978.86,69.0,72.0,4.79
2026-06-25,P07,7787,394,453,31257.0,954.98,69.0,72.0,4.8
2026-06-26,P07,7986,380,437,30153.0,863.37,69.0,72.0,4.8
2026-06-27,P07,8711,479,551,38019.0,1113.2,69.0,72.0,4.8
2026-06-28,P07,8557,465,535,36915.0,1139.8,69.0,72.0,4.79
2026-06-29,P07,7591,369,424,29256.0,904.78,69.0,72.0,4.8
2026-06-30,P07,8044,430,494,34086.0,1025.37,69.0,72.0,4.8
2026-07-01,P07,7895,390,448,30912.0,932.65,69.0,72.0,4.79
2026-07-02,P07,7982,408,469,32361.0,1021.16,69.0,72.0,4.79
2026-07-03,P07,7528,341,392,27048.0,821.93,69.0,72.0,4.8
2026-07-04,P07,8954,456,524,36156.0,1095.7,69.0,72.0,4.79
2026-07-05,P07,8713,475,546,37674.0,1172.67,69.0,72.0,4.8
2026-07-06,P07,8038,401,461,31809.0,1003.73,69.0,72.0,4.8
2026-07-07,P07,8348,407,468,32292.0,948.75,69.0,72.0,4.8
2026-07-08,P07,7538,395,454,31326.0,957.48,69.0,72.0,4.78
2026-07-09,P07,8162,411,473,32637.0,972.37,69.0,72.0,4.8
2026-07-10,P07,7718,406,467,32223.0,913.04,69.0,72.0,4.81
2026-07-11,P07,8827,447,514,35466.0,1076.77,69.0,72.0,4.8
2026-07-12,P07,8336,426,490,33810.0,992.12,69.0,72.0,4.8
2026-07-13,P07,7591,400,460,31740.0,941.38,69.0,72.0,4.79
2026-07-14,P07,8076,395,454,31326.0,934.68,69.0,72.0,4.8
2026-07-15,P07,7748,384,442,30498.0,879.17,69.0,72.0,4.81
2026-07-16,P07,7721,371,427,29463.0,868.16,69.0,72.0,4.79
2026-07-17,P07,8729,438,504,34776.0,1095.23,69.0,72.0,4.79
2026-07-18,P07,8556,441,507,34983.0,1048.66,69.0,72.0,4.8
2026-07-19,P07,9024,463,532,36708.0,1093.13,69.0,72.0,4.8
2026-07-20,P07,7535,373,429,29601.0,918.68,69.0,72.0,4.8
2026-07-21,P07,8885,461,530,36570.0,1062.39,69.0,72.0,4.8
2026-07-22,P07,7196,360,414,28566.0,922.08,69.0,72.0,4.79
2026-07-23,P07,8101,436,501,34569.0,1036.64,69.0,72.0,4.79
2026-07-24,P07,7714,365,420,28980.0,895.34,69.0,72.0,4.79
2026-07-25,P07,8769,439,505,34845.0,1045.14,69.0,72.0,4.8
2026-07-26,P07,8493,452,520,35880.0,1080.24,69.0,72.0,4.8
2026-07-27,P07,8092,385,443,30567.0,882.69,69.0,72.0,4.8
2026-07-28,P07,7952,384,442,30498.0,881.76,69.0,72.0,4.8
2026-07-29,P07,7550,383,440,30360.0,892.92,69.0,72.0,4.8
2026-07-30,P07,7768,406,467,32223.0,992.05,69.0,72.0,4.81
2026-07-31,P07,8151,383,440,30360.0,933.32,69.0,72.0,4.8
2026-08-01,P07,8201,400,460,31740.0,941.25,69.0,72.0,4.8
2026-08-02,P07,8705,427,491,33879.0,1052.05,69.0,72.0,4.8
2026-08-03,P07,8119,410,471,32499.0,972.69,69.0,72.0,4.8
2026-08-04,P07,7739,418,481,33189.0,972.42,69.0,72.0,4.8
2026-08-05,P07,8018,393,452,31188.0,932.89,69.0,72.0,4.8
2026-08-06,P07,7814,420,483,33327.0,1002.84,69.0,72.0,4.8
2026-08-07,P07,8452,432,497,34293.0,1076.84,69.0,72.0,4.8
2026-08-08,P07,19481,1380,1587,98394.0,3036.96,62.0,65.0,4.8
2026-08-09,P07,8518,475,546,37674.0,1191.38,69.0,72.0,4.8
2026-08-10,P07,7772,404,465,32085.0,966.34,69.0,72.0,4.79
2026-08-11,P07,7385,356,409,28221.0,848.5,69.0,72.0,4.8
2026-08-12,P07,8347,420,483,33327.0,1016.02,69.0,72.0,4.8
2026-08-13,P07,7643,386,444,30636.0,873.91,69.0,72.0,4.81
2026-08-14,P07,7545,378,435,30015.0,952.82,69.0,72.0,4.79
2026-08-15,P07,9096,449,516,35604.0,1059.37,69.0,72.0,4.81
2026-08-16,P07,9091,474,545,37605.0,1085.26,69.0,72.0,4.8
2026-08-17,P07,8755,449,516,35604.0,1094.7,69.0,72.0,4.8
2026-08-18,P07,7826,401,461,31809.0,901.05,69.0,72.0,4.8
2026-08-19,P07,7067,368,423,29187.0,896.17,69.0,72.0,4.8
2026-08-20,P07,8422,418,481,33189.0,1017.61,69.0,72.0,4.8
2026-08-21,P07,7400,360,414,28566.0,895.59,69.0,72.0,4.81
2026-08-22,P07,8526,445,512,35328.0,1059.65,69.0,72.0,4.8
2026-08-23,P07,8618,454,522,36018.0,1126.79,69.0,72.0,4.8
2026-08-24,P07,8667,441,507,34983.0,1050.28,69.0,72.0,4.8
2026-08-25,P07,7389,375,431,29739.0,891.37,69.0,72.0,4.79
2026-08-26,P07,7815,401,461,31809.0,946.26,69.0,72.0,4.8
2026-08-27,P07,8162,374,430,29670.0,897.63,69.0,72.0,4.8
2026-08-28,P07,7696,383,440,30360.0,870.03,69.0,72.0,4.79
2026-08-29,P07,8383,451,519,35811.0,1068.62,69.0,72.0,4.8
2026-08-30,P07,9165,456,524,36156.0,1116.87,69.0,72.0,4.8
2026-08-31,P07,7755,380,437,30153.0,919.35,69.0,72.0,4.79
2026-09-01,P07,8156,409,470,32430.0,953.43,69.0,72.0,4.8
2026-09-02,P07,8369,403,463,31947.0,970.66,69.0,72.0,4.8
2026-09-03,P07,7795,405,466,32154.0,981.46,69.0,72.0,4.8
2026-09-04,P07,7893,405,466,32154.0,919.69,69.0,72.0,4.79
2026-09-05,P07,8954,461,530,36570.0,1110.4,69.0,72.0,4.81
2026-09-06,P07,8777,470,540,37260.0,1071.77,69.0,72.0,4.8
2026-09-07,P07,8536,430,494,34086.0,999.73,69.0,72.0,4.79
2026-09-08,P07,7704,411,473,32637.0,952.06,69.0,72.0,4.8
2026-09-09,P07,8385,439,505,34845.0,1054.09,69.0,72.0,4.81
2026-09-10,P07,7743,392,451,31119.0,955.78,69.0,72.0,4.8
2026-09-11,P07,8114,376,432,29808.0,918.02,69.0,72.0,4.8
2026-09-12,P07,9523,464,534,36846.0,1122.04,69.0,72.0,4.79
2026-09-13,P07,8449,446,513,35397.0,1107.3,69.0,72.0,4.8
2026-09-14,P07,8328,420,483,33327.0,946.52,69.0,72.0,4.8
2026-09-15,P07,7940,394,453,31257.0,897.06,69.0,72.0,4.8
2026-09-16,P07,8070,426,490,33810.0,1038.16,69.0,72.0,4.8
2026-09-17,P07,8118,421,484,33396.0,984.06,69.0,72.0,4.8
2026-09-18,P07,8737,458,527,36363.0,1077.71,69.0,72.0,4.8
2026-09-19,P07,8220,445,512,35328.0,1060.31,69.0,72.0,4.8
2026-09-20,P07,8884,443,509,35121.0,1054.81,69.0,72.0,4.81
2026-06-23,P08,1760,65,68,5372.0,156.01,79.0,85.0,4.8
2026-06-24,P08,1485,54,57,4503.0,136.7,79.0,85.0,4.79
2026-06-25,P08,1714,59,62,4898.0,143.63,79.0,85.0,4.81
2026-06-26,P08,1625,57,60,4740.0,141.92,79.0,85.0,4.81
2026-06-27,P08,1738,61,64,5056.0,147.55,79.0,85.0,4.8
2026-06-28,P08,1798,64,67,5293.0,166.7,79.0,85.0,4.8
2026-06-29,P08,1457,51,54,4266.0,128.07,79.0,85.0,4.81
2026-06-30,P08,1727,62,65,5135.0,162.22,79.0,85.0,4.8
2026-07-01,P08,1609,54,57,4503.0,139.47,79.0,85.0,4.8
2026-07-02,P08,1652,56,59,4661.0,137.91,79.0,85.0,4.8
2026-07-03,P08,1684,64,67,5293.0,164.3,79.0,85.0,4.8
2026-07-04,P08,1690,63,66,5214.0,157.69,79.0,85.0,4.81
2026-07-05,P08,1645,61,64,5056.0,151.17,79.0,85.0,4.8
2026-07-06,P08,1549,53,56,4424.0,137.65,79.0,85.0,4.79
2026-07-07,P08,1575,53,56,4424.0,128.64,79.0,85.0,4.8
2026-07-08,P08,1657,59,62,4898.0,147.35,79.0,85.0,4.8
2026-07-09,P08,1546,54,57,4503.0,133.9,79.0,85.0,4.8
2026-07-10,P08,1594,56,59,4661.0,146.45,79.0,85.0,4.79
2026-07-11,P08,1679,62,65,5135.0,148.64,79.0,85.0,4.81
2026-07-12,P08,1706,66,69,5451.0,166.93,79.0,85.0,4.81
2026-07-13,P08,1552,55,58,4582.0,131.96,79.0,85.0,4.8
2026-07-14,P08,1469,49,51,4029.0,115.23,79.0,85.0,4.81
2026-07-15,P08,1590,54,57,4503.0,131.5,79.0,85.0,4.8
2026-07-16,P08,1560,58,61,4819.0,139.92,79.0,85.0,4.8
2026-07-17,P08,1529,54,57,4503.0,134.06,79.0,85.0,4.8
2026-07-18,P08,1746,64,67,5293.0,155.91,79.0,85.0,4.8
2026-07-19,P08,1692,58,61,4819.0,148.0,79.0,85.0,4.8
2026-07-20,P08,1484,52,55,4345.0,132.87,79.0,85.0,4.8
2026-07-21,P08,1512,55,58,4582.0,137.37,79.0,85.0,4.8
2026-07-22,P08,1655,59,62,4898.0,147.43,79.0,85.0,4.8
2026-07-23,P08,1596,58,61,4819.0,143.64,79.0,85.0,4.81
2026-07-24,P08,1824,63,66,5214.0,156.32,79.0,85.0,4.79
2026-07-25,P08,1963,68,71,5609.0,169.64,79.0,85.0,4.79
2026-07-26,P08,1886,67,70,5530.0,159.98,79.0,85.0,4.8
2026-07-27,P08,1588,57,60,4740.0,141.58,79.0,85.0,4.8
2026-07-28,P08,1591,55,58,4582.0,132.86,79.0,85.0,4.81
2026-07-29,P08,1556,57,60,4740.0,148.15,79.0,85.0,4.8
2026-07-30,P08,1697,61,64,5056.0,154.3,79.0,85.0,4.81
2026-07-31,P08,1727,57,60,4740.0,139.31,79.0,85.0,4.8
2026-08-01,P08,1918,67,70,5530.0,166.35,79.0,85.0,4.8
2026-08-02,P08,1766,61,64,5056.0,145.99,79.0,85.0,4.81
2026-08-03,P08,1755,63,66,5214.0,159.04,79.0,85.0,4.8
2026-08-04,P08,1470,52,55,4345.0,131.47,79.0,85.0,4.8
2026-08-05,P08,1489,51,54,4266.0,126.17,79.0,85.0,4.79
2026-08-06,P08,1695,60,63,4977.0,161.85,79.0,85.0,4.8
2026-08-07,P08,1619,60,63,4977.0,151.68,79.0,85.0,4.8
2026-08-08,P08,4568,229,240,17040.0,501.66,71.0,76.0,4.8
2026-08-09,P08,1796,68,71,5609.0,168.76,79.0,85.0,4.81
2026-08-10,P08,1567,54,57,4503.0,140.56,79.0,85.0,4.8
2026-08-11,P08,1693,57,60,4740.0,145.97,79.0,85.0,4.8
2026-08-12,P08,1659,61,64,5056.0,152.85,79.0,85.0,4.8
2026-08-13,P08,1603,57,60,4740.0,148.69,79.0,85.0,4.8
2026-08-14,P08,1634,57,60,4740.0,144.47,79.0,85.0,4.8
2026-08-15,P08,1759,64,67,5293.0,159.51,79.0,85.0,4.79
2026-08-16,P08,1848,61,64,5056.0,151.36,79.0,85.0,4.79
2026-08-17,P08,1676,58,61,4819.0,142.95,79.0,85.0,4.8
2026-08-18,P08,1588,56,59,4661.0,138.51,79.0,85.0,4.8
2026-08-19,P08,1619,56,59,4661.0,147.33,79.0,85.0,4.8
2026-08-20,P08,1652,59,62,4898.0,149.98,79.0,85.0,4.8
2026-08-21,P08,1728,58,61,4819.0,146.13,79.0,85.0,4.79
2026-08-22,P08,1628,55,58,4582.0,130.65,79.0,85.0,4.8
2026-08-23,P08,1815,63,66,5214.0,157.97,79.0,85.0,4.79
2026-08-24,P08,1606,59,62,4898.0,143.47,79.0,85.0,4.8
2026-08-25,P08,1580,55,58,4582.0,139.15,79.0,85.0,4.8
2026-08-26,P08,1554,53,56,4424.0,124.91,79.0,85.0,4.8
2026-08-27,P08,1464,50,52,4108.0,122.84,79.0,85.0,4.79
2026-08-28,P08,1675,58,61,4819.0,137.28,79.0,85.0,4.8
2026-08-29,P08,1716,64,67,5293.0,157.62,79.0,85.0,4.81
2026-08-30,P08,1759,63,66,5214.0,147.34,79.0,85.0,4.8
2026-08-31,P08,1564,57,60,4740.0,142.62,79.0,85.0,4.8
2026-09-01,P08,1516,51,54,4266.0,132.32,79.0,85.0,4.8
2026-09-02,P08,1668,60,63,4977.0,141.92,79.0,85.0,4.79
2026-09-03,P08,1659,55,58,4582.0,136.63,79.0,85.0,4.79
2026-09-04,P08,1549,54,57,4503.0,141.52,79.0,85.0,4.79
2026-09-05,P08,1656,57,60,4740.0,148.73,79.0,85.0,4.8
2026-09-06,P08,1934,72,76,6004.0,188.91,79.0,85.0,4.79
2026-09-07,P08,1850,64,67,5293.0,152.98,79.0,85.0,4.81
2026-09-08,P08,1681,53,56,4424.0,133.12,79.0,85.0,4.8
2026-09-09,P08,1633,62,65,5135.0,157.1,79.0,85.0,4.81
2026-09-10,P08,1650,61,64,5056.0,156.35,79.0,85.0,4.8
2026-09-11,P08,1586,57,60,4740.0,134.77,79.0,85.0,4.81
2026-09-12,P08,1778,67,70,5530.0,164.57,79.0,85.0,4.8
2026-09-13,P08,1667,58,61,4819.0,140.78,79.0,85.0,4.81
2026-09-14,P08,1659,62,65,5135.0,161.1,79.0,85.0,4.8
2026-09-15,P08,1577,57,60,4740.0,135.73,79.0,85.0,4.8
2026-09-16,P08,1513,55,58,4582.0,133.95,79.0,85.0,4.8
2026-09-17,P08,1660,56,59,4661.0,144.8,79.0,85.0,4.79
2026-09-18,P08,1517,50,52,4108.0,115.75,79.0,85.0,4.79
2026-09-19,P08,1897,64,67,5293.0,154.28,79.0,85.0,4.8
2026-09-20,P08,1847,66,69,5451.0,165.48,79.0,85.0,4.8
2026-06-23,P09,497,13,13,3497.0,108.12,269.0,289.0,4.79
2026-06-24,P09,481,12,12,3228.0,95.43,269.0,289.0,4.81
2026-06-25,P09,490,12,12,3228.0,98.84,269.0,289.0,4.8
2026-06-26,P09,482,12,12,3228.0,96.65,269.0,289.0,4.81
2026-06-27,P09,552,14,14,3766.0,112.78,269.0,289.0,4.8
2026-06-28,P09,528,14,14,3766.0,112.7,269.0,289.0,4.8
2026-06-29,P09,507,13,13,3497.0,101.6,269.0,289.0,4.8
2026-06-30,P09,497,12,12,3228.0,95.19,269.0,289.0,4.8
2026-07-01,P09,542,14,14,3766.0,109.93,269.0,289.0,4.81
2026-07-02,P09,467,11,11,2959.0,90.94,269.0,289.0,4.8
2026-07-03,P09,508,12,12,3228.0,88.41,269.0,289.0,4.79
2026-07-04,P09,534,14,14,3766.0,114.49,269.0,289.0,4.8
2026-07-05,P09,599,16,16,4304.0,130.4,269.0,289.0,4.79
2026-07-06,P09,513,12,12,3228.0,92.96,269.0,289.0,4.8
2026-07-07,P09,481,12,12,3228.0,97.45,269.0,289.0,4.8
2026-07-08,P09,533,14,14,3766.0,112.49,269.0,289.0,4.8
2026-07-09,P09,518,12,12,3228.0,99.34,269.0,289.0,4.8
2026-07-10,P09,470,11,11,2959.0,91.53,269.0,289.0,4.8
2026-07-11,P09,564,14,14,3766.0,117.52,269.0,289.0,4.8
2026-07-12,P09,524,14,14,3766.0,112.3,269.0,289.0,4.8
2026-07-13,P09,482,11,11,2959.0,88.22,269.0,289.0,4.81
2026-07-14,P09,500,12,12,3228.0,99.28,269.0,289.0,4.8
2026-07-15,P09,513,13,13,3497.0,108.31,269.0,289.0,4.8
2026-07-16,P09,492,12,12,3228.0,98.29,269.0,289.0,4.8
2026-07-17,P09,469,12,12,3228.0,97.01,269.0,289.0,4.79
2026-07-18,P09,534,13,13,3497.0,102.58,269.0,289.0,4.79
2026-07-19,P09,547,14,14,3766.0,113.87,269.0,289.0,4.8
2026-07-20,P09,551,14,14,3766.0,112.19,269.0,289.0,4.8
2026-07-21,P09,540,14,14,3766.0,110.42,269.0,289.0,4.8
2026-07-22,P09,503,12,12,3228.0,94.61,269.0,289.0,4.8
2026-07-23,P09,487,12,12,3228.0,100.02,269.0,289.0,4.8
2026-07-24,P09,480,12,12,3228.0,103.3,269.0,289.0,4.8
2026-07-25,P09,611,15,15,4035.0,118.53,269.0,289.0,4.81
2026-07-26,P09,510,14,14,3766.0,117.82,269.0,289.0,4.8
2026-07-27,P09,486,12,12,3228.0,97.41,269.0,289.0,4.8
2026-07-28,P09,481,12,12,3228.0,94.57,269.0,289.0,4.8
2026-07-29,P09,500,13,13,3497.0,98.35,269.0,289.0,4.8
2026-07-30,P09,495,13,13,3497.0,103.79,269.0,289.0,4.81
2026-07-31,P09,470,12,12,3228.0,100.41,269.0,289.0,4.81
2026-08-01,P09,556,15,15,4035.0,118.04,269.0,289.0,4.81
2026-08-02,P09,566,15,15,4035.0,123.15,269.0,289.0,4.8
2026-08-03,P09,523,14,14,3766.0,114.2,269.0,289.0,4.8
2026-08-04,P09,485,12,12,3228.0,101.15,269.0,289.0,4.8
2026-08-05,P09,511,13,13,3497.0,106.98,269.0,289.0,4.79
2026-08-06,P09,493,12,12,3228.0,92.18,269.0,289.0,4.8
2026-08-07,P09,490,12,12,3228.0,97.19,269.0,289.0,4.79
2026-08-08,P09,1377,49,49,11858.0,363.6,242.0,260.0,4.8
2026-08-09,P09,560,14,14,3766.0,112.01,269.0,289.0,4.79
2026-08-10,P09,514,13,13,3497.0,104.07,269.0,289.0,4.8
2026-08-11,P09,514,13,13,3497.0,108.09,269.0,289.0,4.8
2026-08-12,P09,493,12,12,3228.0,95.89,269.0,289.0,4.8
2026-08-13,P09,460,12,12,3228.0,98.95,269.0,289.0,4.81
2026-08-14,P09,484,12,12,3228.0,99.56,269.0,289.0,4.79
2026-08-15,P09,518,13,13,3497.0,108.57,269.0,289.0,4.8
2026-08-16,P09,553,15,15,4035.0,125.25,269.0,289.0,4.8
2026-08-17,P09,499,13,13,3497.0,101.91,269.0,289.0,4.8
2026-08-18,P09,459,11,11,2959.0,85.38,269.0,289.0,4.8
2026-08-19,P09,490,12,12,3228.0,99.29,269.0,289.0,4.8
2026-08-20,P09,556,14,14,3766.0,115.25,269.0,289.0,4.8
2026-08-21,P09,487,12,12,3228.0,95.08,269.0,289.0,4.8
2026-08-22,P09,609,15,15,4035.0,114.82,269.0,289.0,4.8
2026-08-23,P09,544,13,13,3497.0,108.38,269.0,289.0,4.81
2026-08-24,P09,483,12,12,3228.0,92.85,269.0,289.0,4.79
2026-08-25,P09,461,12,12,3228.0,95.78,269.0,289.0,4.81
2026-08-26,P09,483,12,12,3228.0,99.03,269.0,289.0,4.8
2026-08-27,P09,504,12,12,3228.0,98.75,269.0,289.0,4.8
2026-08-28,P09,523,13,13,3497.0,102.51,269.0,289.0,4.8
2026-08-29,P09,598,15,15,4035.0,126.02,269.0,289.0,4.8
2026-08-30,P09,530,14,14,3766.0,111.54,269.0,289.0,4.81
2026-08-31,P09,528,14,14,3766.0,112.2,269.0,289.0,4.81
2026-09-01,P09,490,12,12,3228.0,93.93,269.0,289.0,4.79
2026-09-02,P09,510,14,14,3766.0,115.58,269.0,289.0,4.8
2026-09-03,P09,501,13,13,3497.0,106.56,269.0,289.0,4.8
2026-09-04,P09,490,12,12,3228.0,96.79,269.0,289.0,4.8
2026-09-05,P09,513,13,13,3497.0,109.33,269.0,289.0,4.8
2026-09-06,P09,543,14,14,3766.0,113.05,269.0,289.0,4.79
2026-09-07,P09,497,12,12,3228.0,95.17,269.0,289.0,4.79
2026-09-08,P09,528,14,14,3766.0,110.23,269.0,289.0,4.8
2026-09-09,P09,474,12,12,3228.0,94.15,269.0,289.0,4.8
2026-09-10,P09,538,13,13,3497.0,107.12,269.0,289.0,4.79
2026-09-11,P09,462,11,11,2959.0,89.53,269.0,289.0,4.8
2026-09-12,P09,540,14,14,3766.0,119.18,269.0,289.0,4.8
2026-09-13,P09,559,14,14,3766.0,107.56,269.0,289.0,4.8
2026-09-14,P09,547,14,14,3766.0,110.7,269.0,289.0,4.79
2026-09-15,P09,486,12,12,3228.0,93.93,269.0,289.0,4.8
2026-09-16,P09,485,11,11,2959.0,93.28,269.0,289.0,4.83
2026-09-17,P09,509,12,12,3228.0,94.16,269.0,289.0,4.8
2026-09-18,P09,543,14,14,3766.0,111.25,269.0,289.0,4.8
2026-09-19,P09,560,15,15,4035.0,124.71,269.0,289.0,4.79
2026-09-20,P09,559,14,14,3766.0,109.09,269.0,289.0,4.8
2026-06-23,P10,1710,70,70,6230.0,196.61,89.0,95.0,4.79
2026-06-24,P10,1654,67,67,5963.0,188.48,89.0,95.0,4.8
2026-06-25,P10,1611,60,60,5340.0,161.41,89.0,95.0,4.8
2026-06-26,P10,1847,72,72,6408.0,191.84,89.0,95.0,4.81
2026-06-27,P10,1891,73,73,6497.0,197.45,89.0,95.0,4.8
2026-06-28,P10,1725,71,71,6319.0,195.16,89.0,95.0,4.8
2026-06-29,P10,1620,61,61,5429.0,153.9,89.0,95.0,4.8
2026-06-30,P10,1808,69,69,6141.0,182.35,89.0,95.0,4.8
2026-07-01,P10,1638,65,65,5785.0,172.09,89.0,95.0,4.8
2026-07-02,P10,1791,74,74,6586.0,209.08,89.0,95.0,4.8
2026-07-03,P10,1713,66,66,5874.0,173.74,89.0,95.0,4.8
2026-07-04,P10,1867,80,80,7120.0,223.83,89.0,95.0,4.8
2026-07-05,P10,1986,81,81,7209.0,213.71,89.0,95.0,4.8
2026-07-06,P10,1692,67,67,5963.0,177.43,89.0,95.0,4.8
2026-07-07,P10,1700,68,68,6052.0,186.77,89.0,95.0,4.81
2026-07-08,P10,1763,70,70,6230.0,184.21,89.0,95.0,4.81
2026-07-09,P10,1784,69,69,6141.0,180.86,89.0,95.0,4.8
2026-07-10,P10,1624,66,66,5874.0,171.95,89.0,95.0,4.8
2026-07-11,P10,1782,76,76,6764.0,208.12,89.0,95.0,4.81
2026-07-12,P10,1763,70,70,6230.0,173.85,89.0,95.0,4.8
2026-07-13,P10,1660,65,65,5785.0,178.49,89.0,95.0,4.8
2026-07-14,P10,1822,71,71,6319.0,191.57,89.0,95.0,4.81
2026-07-15,P10,1688,63,63,5607.0,162.64,89.0,95.0,4.8
2026-07-16,P10,1721,64,64,5696.0,163.5,89.0,95.0,4.8
2026-07-17,P10,1727,73,73,6497.0,188.12,89.0,95.0,4.8
2026-07-18,P10,1809,76,76,6764.0,190.95,89.0,95.0,4.8
2026-07-19,P10,2009,82,82,7298.0,221.61,89.0,95.0,4.81
2026-07-20,P10,1764,69,69,6141.0,188.85,89.0,95.0,4.8
2026-07-21,P10,1769,74,74,6586.0,205.95,89.0,95.0,4.8
2026-07-22,P10,1761,67,67,5963.0,178.23,89.0,95.0,4.79
2026-07-23,P10,1836,74,74,6586.0,201.1,89.0,95.0,4.8
2026-07-24,P10,1698,66,66,5874.0,175.55,89.0,95.0,4.8
2026-07-25,P10,1787,73,73,6497.0,200.64,89.0,95.0,4.8
2026-07-26,P10,1823,76,76,6764.0,216.17,89.0,95.0,4.8
2026-07-27,P10,1715,65,65,5785.0,172.03,89.0,95.0,4.81
2026-07-28,P10,1659,67,67,5963.0,176.52,89.0,95.0,4.8
2026-07-29,P10,1604,62,62,5518.0,163.08,89.0,95.0,4.8
2026-07-30,P10,1642,69,69,6141.0,185.11,89.0,95.0,4.8
2026-07-31,P10,1721,69,69,6141.0,189.02,89.0,95.0,4.8
2026-08-01,P10,1938,78,78,6942.0,208.03,89.0,95.0,4.8
2026-08-02,P10,2108,85,85,7565.0,217.57,89.0,95.0,4.8
2026-08-03,P10,1553,67,67,5963.0,176.87,89.0,95.0,4.79
2026-08-04,P10,1591,66,66,5874.0,176.28,89.0,95.0,4.79
2026-08-05,P10,1710,68,68,6052.0,180.75,89.0,95.0,4.8
2026-08-06,P10,1723,68,68,6052.0,182.42,89.0,95.0,4.79
2026-08-07,P10,1793,75,75,6675.0,199.47,89.0,95.0,4.8
2026-08-08,P10,4592,262,262,20960.0,618.71,80.0,86.0,4.8
2026-08-09,P10,1889,81,81,7209.0,214.11,89.0,95.0,4.8
2026-08-10,P10,1671,70,70,6230.0,187.9,89.0,95.0,4.79
2026-08-11,P10,1644,64,64,5696.0,164.37,89.0,95.0,4.8
2026-08-12,P10,1665,67,67,5963.0,179.44,89.0,95.0,4.8
2026-08-13,P10,1722,66,66,5874.0,171.89,89.0,95.0,4.8
2026-08-14,P10,1553,63,63,5607.0,162.91,89.0,95.0,4.8
2026-08-15,P10,1792,73,73,6497.0,196.56,89.0,95.0,4.81
2026-08-16,P10,1802,77,77,6853.0,212.61,89.0,95.0,4.81
2026-08-17,P10,1768,69,69,6141.0,193.6,89.0,95.0,4.8
2026-08-18,P10,1672,63,63,5607.0,167.8,89.0,95.0,4.8
2026-08-19,P10,1645,65,65,5785.0,179.25,89.0,95.0,4.8
2026-08-20,P10,1753,74,74,6586.0,189.82,89.0,95.0,4.81
2026-08-21,P10,1733,68,68,6052.0,187.0,89.0,95.0,4.8
2026-08-22,P10,1883,81,81,7209.0,214.82,89.0,95.0,4.79
2026-08-23,P10,1972,79,79,7031.0,199.2,89.0,95.0,4.8
2026-08-24,P10,1607,65,65,5785.0,165.94,89.0,95.0,4.8
2026-08-25,P10,1707,73,73,6497.0,199.47,89.0,95.0,4.8
2026-08-26,P10,1669,65,65,5785.0,173.49,89.0,95.0,4.8
2026-08-27,P10,1793,69,69,6141.0,186.83,89.0,95.0,4.8
2026-08-28,P10,1689,70,70,6230.0,189.18,89.0,95.0,4.8
2026-08-29,P10,1984,82,82,7298.0,220.2,89.0,95.0,4.79
2026-08-30,P10,1851,80,80,7120.0,213.04,89.0,95.0,4.79
2026-08-31,P10,1648,62,62,5518.0,167.77,89.0,95.0,4.81
2026-09-01,P10,1630,67,67,5963.0,183.56,89.0,95.0,4.8
2026-09-02,P10,1773,71,71,6319.0,197.04,89.0,95.0,4.8
2026-09-03,P10,1518,61,61,5429.0,158.23,89.0,95.0,4.79
2026-09-04,P10,1671,66,66,5874.0,167.61,89.0,95.0,4.8
2026-09-05,P10,1863,76,76,6764.0,207.86,89.0,95.0,4.81
2026-09-06,P10,1887,75,75,6675.0,201.55,89.0,95.0,4.8
2026-09-07,P10,1692,73,73,6497.0,195.78,89.0,95.0,4.8
2026-09-08,P10,1576,60,60,5340.0,158.76,89.0,95.0,4.8
2026-09-09,P10,1726,67,67,5963.0,175.82,89.0,95.0,4.8
2026-09-10,P10,1784,70,70,6230.0,182.51,89.0,95.0,4.81
2026-09-11,P10,1610,64,64,5696.0,160.29,89.0,95.0,4.8
2026-09-12,P10,1856,82,82,7298.0,230.33,89.0,95.0,4.8
2026-09-13,P10,1770,69,69,6141.0,176.27,89.0,95.0,4.8
2026-09-14,P10,1655,65,65,5785.0,182.19,89.0,95.0,4.79
2026-09-15,P10,1690,64,64,5696.0,159.96,89.0,95.0,4.8
2026-09-16,P10,1542,61,61,5429.0,157.94,89.0,95.0,4.79
2026-09-17,P10,1715,69,69,6141.0,175.29,89.0,95.0,4.8
2026-09-18,P10,1521,62,62,5518.0,161.52,89.0,95.0,4.8
2026-09-19,P10,1865,75,75,6675.0,203.46,89.0,95.0,4.8
2026-09-20,P10,1834,70,70,6230.0,183.24,89.0,95.0,4.8
2026-06-23,P11,701,21,21,3129.0,95.76,149.0,159.0,4.8
2026-06-24,P11,725,22,22,3278.0,103.3,149.0,159.0,4.8
2026-06-25,P11,721,22,22,3278.0,96.78,149.0,159.0,4.8
2026-06-26,P11,726,22,22,3278.0,97.66,149.0,159.0,4.8
2026-06-27,P11,783,24,24,3576.0,102.09,149.0,159.0,4.8
2026-06-28,P11,750,23,23,3427.0,101.73,149.0,159.0,4.79
2026-06-29,P11,785,23,23,3427.0,103.4,149.0,159.0,4.8
2026-06-30,P11,718,22,22,3278.0,101.8,149.0,159.0,4.8
2026-07-01,P11,703,21,21,3129.0,96.33,149.0,159.0,4.81
2026-07-02,P11,722,21,21,3129.0,89.39,149.0,159.0,4.8
2026-07-03,P11,685,20,20,2980.0,89.98,149.0,159.0,4.8
2026-07-04,P11,809,25,25,3725.0,109.26,149.0,159.0,4.8
2026-07-05,P11,803,25,25,3725.0,114.46,149.0,159.0,4.8
2026-07-06,P11,709,22,22,3278.0,102.38,149.0,159.0,4.81
2026-07-07,P11,731,23,23,3427.0,104.61,149.0,159.0,4.8
2026-07-08,P11,654,19,19,2831.0,83.1,149.0,159.0,4.79
2026-07-09,P11,729,23,23,3427.0,104.42,149.0,159.0,4.8
2026-07-10,P11,711,22,22,3278.0,99.29,149.0,159.0,4.8
2026-07-11,P11,806,26,26,3874.0,112.56,149.0,159.0,4.8
2026-07-12,P11,776,24,24,3576.0,112.47,149.0,159.0,4.81
2026-07-13,P11,675,21,21,3129.0,88.24,149.0,159.0,4.8
2026-07-14,P11,678,21,21,3129.0,98.62,149.0,159.0,4.81
2026-07-15,P11,641,19,19,2831.0,84.68,149.0,159.0,4.81
2026-07-16,P11,716,21,21,3129.0,91.69,149.0,159.0,4.8
2026-07-17,P11,708,20,20,2980.0,87.61,149.0,159.0,4.8
2026-07-18,P11,800,25,25,3725.0,112.19,149.0,159.0,4.79
2026-07-19,P11,727,22,22,3278.0,94.64,149.0,159.0,4.8
2026-07-20,P11,708,21,21,3129.0,94.95,149.0,159.0,4.79
2026-07-21,P11,716,22,22,3278.0,98.78,149.0,159.0,4.81
2026-07-22,P11,652,18,18,2682.0,78.4,149.0,159.0,4.81
2026-07-23,P11,683,20,20,2980.0,90.29,149.0,159.0,4.8
2026-07-24,P11,659,18,18,2682.0,80.85,149.0,159.0,4.8
2026-07-25,P11,746,23,23,3427.0,104.38,149.0,159.0,4.81
2026-07-26,P11,727,24,24,3576.0,108.07,149.0,159.0,4.79
2026-07-27,P11,655,20,20,2980.0,90.75,149.0,159.0,4.8
2026-07-28,P11,717,22,22,3278.0,95.37,149.0,159.0,4.8
2026-07-29,P11,647,20,20,2980.0,93.12,149.0,159.0,4.8
2026-07-30,P11,771,24,24,3576.0,103.84,149.0,159.0,4.8
2026-07-31,P11,714,21,21,3129.0,91.77,149.0,159.0,4.8
2026-08-01,P11,774,24,24,3576.0,103.0,149.0,159.0,4.8
2026-08-02,P11,720,22,22,3278.0,100.07,149.0,159.0,4.8
2026-08-03,P11,651,19,19,2831.0,86.67,149.0,159.0,4.8
2026-08-04,P11,667,20,20,2980.0,90.06,149.0,159.0,4.81
2026-08-05,P11,697,21,21,3129.0,96.54,149.0,159.0,4.8
2026-08-06,P11,720,22,22,3278.0,99.99,149.0,159.0,4.79
2026-08-07,P11,681,21,21,3129.0,96.91,149.0,159.0,4.81
2026-08-08,P11,1717,72,72,9648.0,286.26,134.0,143.0,4.81
2026-08-09,P11,780,23,23,3427.0,100.41,149.0,159.0,4.8
2026-08-10,P11,697,22,22,3278.0,101.39,149.0,159.0,4.8
2026-08-11,P11,695,21,21,3129.0,93.34,149.0,159.0,4.8
2026-08-12,P11,685,21,21,3129.0,98.16,149.0,159.0,4.79
2026-08-13,P11,742,22,22,3278.0,100.94,149.0,159.0,4.8
2026-08-14,P11,750,23,23,3427.0,102.92,149.0,159.0,4.8
2026-08-15,P11,735,23,23,3427.0,101.22,149.0,159.0,4.8
2026-08-16,P11,715,23,23,3427.0,102.66,149.0,159.0,4.8
2026-08-17,P11,663,20,20,2980.0,86.01,149.0,159.0,4.8
2026-08-18,P11,705,21,21,3129.0,95.43,149.0,159.0,4.8
2026-08-19,P11,642,20,20,2980.0,91.58,149.0,159.0,4.8
2026-08-20,P11,692,21,21,3129.0,88.8,149.0,159.0,4.8
2026-08-21,P11,665,19,19,2831.0,80.7,149.0,159.0,4.8
2026-08-22,P11,734,24,24,3576.0,107.53,149.0,159.0,4.8
2026-08-23,P11,786,23,23,3427.0,102.41,149.0,159.0,4.79
2026-08-24,P11,747,22,22,3278.0,101.17,149.0,159.0,4.8
2026-08-25,P11,683,20,20,2980.0,89.38,149.0,159.0,4.8
2026-08-26,P11,736,22,22,3278.0,97.1,149.0,159.0,4.8
2026-08-27,P11,752,22,22,3278.0,98.35,149.0,159.0,4.8
2026-08-28,P11,671,20,20,2980.0,90.42,149.0,159.0,4.8
2026-08-29,P11,738,21,21,3129.0,95.68,149.0,159.0,4.79
2026-08-30,P11,793,25,25,3725.0,106.44,149.0,159.0,4.8
2026-08-31,P11,739,21,21,3129.0,93.66,149.0,159.0,4.8
2026-09-01,P11,700,21,21,3129.0,97.85,149.0,159.0,4.8
2026-09-02,P11,634,19,19,2831.0,78.96,149.0,159.0,4.8
2026-09-03,P11,670,20,20,2980.0,92.13,149.0,159.0,4.8
2026-09-04,P11,715,21,21,3129.0,95.29,149.0,159.0,4.79
2026-09-05,P11,765,24,24,3576.0,107.12,149.0,159.0,4.79
2026-09-06,P11,759,24,24,3576.0,108.24,149.0,159.0,4.79
2026-09-07,P11,699,22,22,3278.0,97.41,149.0,159.0,4.79
2026-09-08,P11,734,23,23,3427.0,104.77,149.0,159.0,4.8
2026-09-09,P11,716,20,20,2980.0,91.86,149.0,159.0,4.79
2026-09-10,P11,742,21,21,3129.0,97.18,149.0,159.0,4.8
2026-09-11,P11,750,23,23,3427.0,106.61,149.0,159.0,4.8
2026-09-12,P11,833,25,25,3725.0,108.63,149.0,159.0,4.8
2026-09-13,P11,801,27,27,4023.0,120.81,149.0,159.0,4.8
2026-09-14,P11,655,20,20,2980.0,92.87,149.0,159.0,4.8
2026-09-15,P11,729,22,22,3278.0,94.69,149.0,159.0,4.8
2026-09-16,P11,752,23,23,3427.0,105.36,149.0,159.0,4.8
2026-09-17,P11,720,22,22,3278.0,92.6,149.0,159.0,4.8
2026-09-18,P11,650,20,20,2980.0,90.21,149.0,159.0,4.8
2026-09-19,P11,711,21,21,3129.0,91.2,149.0,159.0,4.81
2026-09-20,P11,734,24,24,3576.0,109.4,149.0,159.0,4.8
2026-06-23,P12,482,12,12,2868.0,87.05,239.0,249.0,4.8
2026-06-24,P12,438,11,11,2629.0,81.92,239.0,249.0,4.79
2026-06-25,P12,469,12,12,2868.0,85.07,239.0,249.0,4.8
2026-06-26,P12,474,12,12,2868.0,83.14,239.0,249.0,4.79
2026-06-27,P12,527,13,13,3107.0,95.0,239.0,249.0,4.8
2026-06-28,P12,496,13,13,3107.0,90.0,239.0,249.0,4.8
2026-06-29,P12,447,12,12,2868.0,85.68,239.0,249.0,4.8
2026-06-30,P12,449,12,12,2868.0,88.44,239.0,249.0,4.8
2026-07-01,P12,473,12,12,2868.0,85.06,239.0,249.0,4.8
2026-07-02,P12,436,11,11,2629.0,79.82,239.0,249.0,4.81
2026-07-03,P12,448,11,11,2629.0,81.47,239.0,249.0,4.8
2026-07-04,P12,510,13,13,3107.0,89.11,239.0,249.0,4.8
2026-07-05,P12,507,14,14,3346.0,102.85,239.0,249.0,4.8
2026-07-06,P12,406,10,10,2390.0,72.64,239.0,249.0,4.81
2026-07-07,P12,455,12,12,2868.0,86.59,239.0,249.0,4.79
2026-07-08,P12,433,11,11,2629.0,82.5,239.0,249.0,4.8
2026-07-09,P12,422,11,11,2629.0,73.08,239.0,249.0,4.8
2026-07-10,P12,446,12,12,2868.0,86.31,239.0,249.0,4.8
2026-07-11,P12,493,12,12,2868.0,86.34,239.0,249.0,4.8
2026-07-12,P12,510,13,13,3107.0,94.0,239.0,249.0,4.81
2026-07-13,P12,425,11,11,2629.0,83.0,239.0,249.0,4.8
2026-07-14,P12,487,13,13,3107.0,92.49,239.0,249.0,4.79
2026-07-15,P12,460,11,11,2629.0,79.35,239.0,249.0,4.8
2026-07-16,P12,466,11,11,2629.0,77.66,239.0,249.0,4.8
2026-07-17,P12,487,12,12,2868.0,83.03,239.0,249.0,4.8
2026-07-18,P12,455,12,12,2868.0,89.33,239.0,249.0,4.8
2026-07-19,P12,518,14,14,3346.0,97.9,239.0,249.0,4.8
2026-07-20,P12,451,11,11,2629.0,80.28,239.0,249.0,4.81
2026-07-21,P12,428,11,11,2629.0,79.63,239.0,249.0,4.8
2026-07-22,P12,461,12,12,2868.0,86.51,239.0,249.0,4.8
2026-07-23,P12,474,12,12,2868.0,88.52,239.0,249.0,4.8
2026-07-24,P12,439,11,11,2629.0,78.67,239.0,249.0,4.8
2026-07-25,P12,490,12,12,2868.0,86.34,239.0,249.0,4.8
2026-07-26,P12,467,12,12,2868.0,88.71,239.0,249.0,4.8
2026-07-27,P12,465,11,11,2629.0,78.51,239.0,249.0,4.8
2026-07-28,P12,477,11,11,2629.0,80.62,239.0,249.0,4.81
2026-07-29,P12,443,11,11,2629.0,80.65,239.0,249.0,4.8
2026-07-30,P12,434,11,11,2629.0,77.33,239.0,249.0,4.79
2026-07-31,P12,472,12,12,2868.0,86.13,239.0,249.0,4.8
2026-08-01,P12,506,13,13,3107.0,89.18,239.0,249.0,4.8
2026-08-02,P12,524,14,14,3346.0,100.19,239.0,249.0,4.79
2026-08-03,P12,459,12,12,2868.0,80.5,239.0,249.0,4.81
2026-08-04,P12,462,12,12,2868.0,84.26,239.0,249.0,4.8
2026-08-05,P12,461,11,11,2629.0,77.85,239.0,249.0,4.8
2026-08-06,P12,461,12,12,2868.0,86.69,239.0,249.0,4.8
2026-08-07,P12,453,11,11,2629.0,77.89,239.0,249.0,4.8
2026-08-08,P12,1340,50,50,10750.0,311.85,215.0,224.0,4.8
2026-08-09,P12,482,12,12,2868.0,91.05,239.0,249.0,4.81
2026-08-10,P12,459,11,11,2629.0,77.17,239.0,249.0,4.8
2026-08-11,P12,424,10,10,2390.0,69.98,239.0,249.0,4.8
2026-08-12,P12,473,12,12,2868.0,89.59,239.0,249.0,4.81
2026-08-13,P12,461,13,13,3107.0,95.74,239.0,249.0,4.81
2026-08-14,P12,471,11,11,2629.0,78.19,239.0,249.0,4.8
2026-08-15,P12,495,12,12,2868.0,84.99,239.0,249.0,4.8
2026-08-16,P12,515,12,12,2868.0,84.73,239.0,249.0,4.8
2026-08-17,P12,436,11,11,2629.0,80.15,239.0,249.0,4.79
2026-08-18,P12,427,10,10,2390.0,74.41,239.0,249.0,4.8
2026-08-19,P12,428,11,11,2629.0,79.24,239.0,249.0,4.8
2026-08-20,P12,445,11,11,2629.0,77.92,239.0,249.0,4.8
2026-08-21,P12,455,11,11,2629.0,78.13,239.0,249.0,4.8
2026-08-22,P12,467,13,13,3107.0,89.87,239.0,249.0,4.8
2026-08-23,P12,492,13,13,3107.0,91.58,239.0,249.0,4.8
2026-08-24,P12,492,12,12,2868.0,84.86,239.0,249.0,4.81
2026-08-25,P12,461,12,12,2868.0,89.19,239.0,249.0,4.8
2026-08-26,P12,455,11,11,2629.0,74.64,239.0,249.0,4.8
2026-08-27,P12,492,13,13,3107.0,97.09,239.0,249.0,4.8
2026-08-28,P12,443,11,11,2629.0,78.99,239.0,249.0,4.8
2026-08-29,P12,490,13,13,3107.0,88.67,239.0,249.0,4.8
2026-08-30,P12,479,12,12,2868.0,83.52,239.0,249.0,4.81
2026-08-31,P12,469,12,12,2868.0,83.87,239.0,249.0,4.8
2026-09-01,P12,463,12,12,2868.0,85.4,239.0,249.0,4.79
2026-09-02,P12,464,11,11,2629.0,79.77,239.0,249.0,4.81
2026-09-03,P12,436,11,11,2629.0,75.12,239.0,249.0,4.8
2026-09-04,P12,452,11,11,2629.0,82.09,239.0,249.0,4.8
2026-09-05,P12,490,13,13,3107.0,100.29,239.0,249.0,4.8
2026-09-06,P12,466,12,12,2868.0,83.36,239.0,249.0,4.8
2026-09-07,P12,438,11,11,2629.0,78.6,239.0,249.0,4.8
2026-09-08,P12,443,12,12,2868.0,87.74,239.0,249.0,4.79
2026-09-09,P12,405,10,10,2390.0,69.11,239.0,249.0,4.8
2026-09-10,P12,477,11,11,2629.0,77.11,239.0,249.0,4.8
2026-09-11,P12,431,11,11,2629.0,76.43,239.0,249.0,4.8
2026-09-12,P12,493,13,13,3107.0,92.46,239.0,249.0,4.79
2026-09-13,P12,485,13,13,3107.0,89.69,239.0,249.0,4.79
2026-09-14,P12,476,12,12,2868.0,85.0,239.0,249.0,4.8
2026-09-15,P12,449,11,11,2629.0,75.36,239.0,249.0,4.79
2026-09-16,P12,442,12,12,2868.0,83.41,239.0,249.0,4.8
2026-09-17,P12,444,11,11,2629.0,81.08,239.0,249.0,4.81
2026-09-18,P12,485,13,13,3107.0,95.18,239.0,249.0,4.79
2026-09-19,P12,499,14,14,3346.0,105.68,239.0,249.0,4.79
2026-09-20,P12,502,13,13,3107.0,89.29,239.0,249.0,4.8
2026-06-23,P13,436,12,12,2028.0,62.16,169.0,179.0,4.8
2026-06-24,P13,438,13,13,2197.0,66.66,169.0,179.0,4.8
2026-06-25,P13,430,13,13,2197.0,67.12,169.0,179.0,4.79
2026-06-26,P13,435,13,13,2197.0,63.2,169.0,179.0,4.79
2026-06-27,P13,503,15,15,2535.0,74.34,169.0,179.0,4.8
2026-06-28,P13,466,14,14,2366.0,69.77,169.0,179.0,4.8
2026-06-29,P13,458,13,13,2197.0,68.04,169.0,179.0,4.8
2026-06-30,P13,434,14,14,2366.0,69.18,169.0,179.0,4.8
2026-07-01,P13,458,15,15,2535.0,72.17,169.0,179.0,4.8
2026-07-02,P13,473,15,15,2535.0,77.33,169.0,179.0,4.8
2026-07-03,P13,415,13,13,2197.0,68.33,169.0,179.0,4.79
2026-07-04,P13,489,16,16,2704.0,82.94,169.0,179.0,4.8
2026-07-05,P13,508,15,15,2535.0,76.83,169.0,179.0,4.8
2026-07-06,P13,448,14,14,2366.0,71.86,169.0,179.0,4.8
2026-07-07,P13,425,13,13,2197.0,65.13,169.0,179.0,4.8
2026-07-08,P13,457,14,14,2366.0,71.28,169.0,179.0,4.8
2026-07-09,P13,413,13,13,2197.0,66.47,169.0,179.0,4.8
2026-07-10,P13,427,13,13,2197.0,64.18,169.0,179.0,4.8
2026-07-11,P13,505,15,15,2535.0,79.41,169.0,179.0,4.8
2026-07-12,P13,473,14,14,2366.0,72.61,169.0,179.0,4.79
2026-07-13,P13,485,14,14,2366.0,72.05,169.0,179.0,4.8
2026-07-14,P13,465,13,13,2197.0,63.39,169.0,179.0,4.81
2026-07-15,P13,445,13,13,2197.0,65.54,169.0,179.0,4.8
2026-07-16,P13,474,14,14,2366.0,75.27,169.0,179.0,4.81
2026-07-17,P13,422,13,13,2197.0,65.53,169.0,179.0,4.81
2026-07-18,P13,479,15,15,2535.0,77.8,169.0,179.0,4.8
2026-07-19,P13,521,16,16,2704.0,83.43,169.0,179.0,4.8
2026-07-20,P13,404,12,12,2028.0,59.6,169.0,179.0,4.79
2026-07-21,P13,460,14,14,2366.0,71.21,169.0,179.0,4.79
2026-07-22,P13,453,14,14,2366.0,68.84,169.0,179.0,4.8
2026-07-23,P13,442,13,13,2197.0,65.18,169.0,179.0,4.8
2026-07-24,P13,467,14,14,2366.0,72.77,169.0,179.0,4.8
2026-07-25,P13,476,15,15,2535.0,71.62,169.0,179.0,4.8
2026-07-26,P13,492,14,14,2366.0,72.85,169.0,179.0,4.79
2026-07-27,P13,442,12,12,2028.0,61.85,169.0,179.0,4.81
2026-07-28,P13,432,13,13,2197.0,68.78,169.0,179.0,4.8
2026-07-29,P13,480,14,14,2366.0,70.17,169.0,179.0,4.79
2026-07-30,P13,448,13,13,2197.0,64.72,169.0,179.0,4.8
2026-07-31,P13,476,16,16,2704.0,80.35,169.0,179.0,4.8
2026-08-01,P13,505,15,15,2535.0,79.09,169.0,179.0,4.8
2026-08-02,P13,475,14,14,2366.0,70.13,169.0,179.0,4.79
2026-08-03,P13,462,13,13,2197.0,65.93,169.0,179.0,4.79
2026-08-04,P13,446,13,13,2197.0,64.68,169.0,179.0,4.8
2026-08-05,P13,466,14,14,2366.0,66.41,169.0,179.0,4.8
2026-08-06,P13,451,13,13,2197.0,63.78,169.0,179.0,4.79
2026-08-07,P13,460,13,13,2197.0,63.63,169.0,179.0,4.79
2026-08-08,P13,1236,55,55,8360.0,252.37,152.0,161.0,4.81
2026-08-09,P13,494,15,15,2535.0,78.34,169.0,179.0,4.81
2026-08-10,P13,443,13,13,2197.0,63.61,169.0,179.0,4.8
2026-08-11,P13,421,12,12,2028.0,61.64,169.0,179.0,4.8
2026-08-12,P13,441,13,13,2197.0,68.32,169.0,179.0,4.8
2026-08-13,P13,454,14,14,2366.0,71.71,169.0,179.0,4.81
2026-08-14,P13,480,15,15,2535.0,78.26,169.0,179.0,4.81
2026-08-15,P13,523,16,16,2704.0,84.25,169.0,179.0,4.81
2026-08-16,P13,482,15,15,2535.0,78.36,169.0,179.0,4.8
2026-08-17,P13,443,14,14,2366.0,71.9,169.0,179.0,4.8
2026-08-18,P13,455,14,14,2366.0,75.22,169.0,179.0,4.8
2026-08-19,P13,434,13,13,2197.0,63.91,169.0,179.0,4.81
2026-08-20,P13,445,13,13,2197.0,65.06,169.0,179.0,4.8
2026-08-21,P13,458,14,14,2366.0,71.69,169.0,179.0,4.8
2026-08-22,P13,519,15,15,2535.0,72.5,169.0,179.0,4.8
2026-08-23,P13,521,17,17,2873.0,87.13,169.0,179.0,4.8
2026-08-24,P13,459,13,13,2197.0,66.05,169.0,179.0,4.81
2026-08-25,P13,437,13,13,2197.0,66.36,169.0,179.0,4.79
2026-08-26,P13,438,13,13,2197.0,66.45,169.0,179.0,4.8
2026-08-27,P13,466,15,15,2535.0,78.47,169.0,179.0,4.8
2026-08-28,P13,439,13,13,2197.0,69.03,169.0,179.0,4.8
2026-08-29,P13,477,15,15,2535.0,73.47,169.0,179.0,4.8
2026-08-30,P13,506,16,16,2704.0,82.83,169.0,179.0,4.79
2026-08-31,P13,496,16,16,2704.0,83.81,169.0,179.0,4.8
2026-09-01,P13,442,14,14,2366.0,71.44,169.0,179.0,4.8
2026-09-02,P13,448,13,13,2197.0,65.19,169.0,179.0,4.79
2026-09-03,P13,520,15,15,2535.0,76.32,169.0,179.0,4.8
2026-09-04,P13,482,15,15,2535.0,71.0,169.0,179.0,4.79
2026-09-05,P13,509,16,16,2704.0,83.01,169.0,179.0,4.8
2026-09-06,P13,508,16,16,2704.0,79.27,169.0,179.0,4.8
2026-09-07,P13,451,14,14,2366.0,72.56,169.0,179.0,4.8
2026-09-08,P13,477,15,15,2535.0,75.6,169.0,179.0,4.8
2026-09-09,P13,474,15,15,2535.0,74.2,169.0,179.0,4.8
2026-09-10,P13,443,13,13,2197.0,66.72,169.0,179.0,4.81
2026-09-11,P13,436,13,13,2197.0,63.38,169.0,179.0,4.8
2026-09-12,P13,507,15,15,2535.0,74.18,169.0,179.0,4.8
2026-09-13,P13,469,14,14,2366.0,73.1,169.0,179.0,4.8
2026-09-14,P13,456,14,14,2366.0,71.8,169.0,179.0,4.79
2026-09-15,P13,418,13,13,2197.0,63.61,169.0,179.0,4.8
2026-09-16,P13,435,13,13,2197.0,68.53,169.0,179.0,4.81
2026-09-17,P13,426,12,12,2028.0,63.07,169.0,179.0,4.79
2026-09-18,P13,443,14,14,2366.0,71.59,169.0,179.0,4.79
2026-09-19,P13,481,15,15,2535.0,75.15,169.0,179.0,4.8
2026-09-20,P13,462,15,15,2535.0,73.83,169.0,179.0,4.79
2026-06-23,P14,1578,69,76,3420.0,104.87,45.0,49.0,4.8
2026-06-24,P14,1414,63,69,3105.0,95.68,45.0,49.0,4.8
2026-06-25,P14,1403,63,69,3105.0,90.33,45.0,49.0,4.8
2026-06-26,P14,1554,71,78,3510.0,103.4,45.0,49.0,4.8
2026-06-27,P14,1567,76,84,3780.0,116.33,45.0,49.0,4.8
2026-06-28,P14,1816,86,95,4275.0,130.22,45.0,49.0,4.8
2026-06-29,P14,1529,68,75,3375.0,103.89,45.0,49.0,4.8
2026-06-30,P14,1471,66,73,3285.0,95.03,45.0,49.0,4.8
2026-07-01,P14,1608,73,80,3600.0,109.14,45.0,49.0,4.8
2026-07-02,P14,1413,65,72,3240.0,95.51,45.0,49.0,4.8
2026-07-03,P14,1591,71,78,3510.0,108.17,45.0,49.0,4.8
2026-07-04,P14,1573,73,80,3600.0,108.56,45.0,49.0,4.8
2026-07-05,P14,1647,80,88,3960.0,120.8,45.0,49.0,4.8
2026-07-06,P14,1496,68,75,3375.0,100.85,45.0,49.0,4.8
2026-07-07,P14,1479,67,74,3330.0,100.24,45.0,49.0,4.8
2026-07-08,P14,1384,62,68,3060.0,91.51,45.0,49.0,4.8
2026-07-09,P14,1290,57,63,2835.0,87.32,45.0,49.0,4.79
2026-07-10,P14,1495,66,73,3285.0,96.91,45.0,49.0,4.8
2026-07-11,P14,1690,77,85,3825.0,109.09,45.0,49.0,4.79
2026-07-12,P14,1570,73,80,3600.0,106.29,45.0,49.0,4.81
2026-07-13,P14,1440,65,72,3240.0,95.61,45.0,49.0,4.81
2026-07-14,P14,1654,73,80,3600.0,108.03,45.0,49.0,4.8
2026-07-15,P14,1486,67,74,3330.0,94.11,45.0,49.0,4.8
2026-07-16,P14,1485,65,72,3240.0,95.34,45.0,49.0,4.81
2026-07-17,P14,1578,70,77,3465.0,106.48,45.0,49.0,4.8
2026-07-18,P14,1604,75,82,3690.0,110.3,45.0,49.0,4.81
2026-07-19,P14,1575,73,80,3600.0,103.32,45.0,49.0,4.8
2026-07-20,P14,1488,64,70,3150.0,95.53,45.0,49.0,4.8
2026-07-21,P14,1526,71,78,3510.0,106.69,45.0,49.0,4.81
2026-07-22,P14,1492,69,76,3420.0,104.28,45.0,49.0,4.81
2026-07-23,P14,1488,67,74,3330.0,96.32,45.0,49.0,4.8
2026-07-24,P14,1425,59,65,2925.0,90.22,45.0,49.0,4.79
2026-07-25,P14,1670,80,88,3960.0,114.47,45.0,49.0,4.8
2026-07-26,P14,1723,80,88,3960.0,120.06,45.0,49.0,4.8
2026-07-27,P14,1450,64,70,3150.0,96.36,45.0,49.0,4.79
2026-07-28,P14,1500,65,72,3240.0,102.89,45.0,49.0,4.8
2026-07-29,P14,1479,67,74,3330.0,100.66,45.0,49.0,4.8
2026-07-30,P14,1359,59,65,2925.0,83.06,45.0,49.0,4.8
2026-07-31,P14,1473,63,69,3105.0,90.26,45.0,49.0,4.8
2026-08-01,P14,1708,80,88,3960.0,113.23,45.0,49.0,4.8
2026-08-02,P14,1675,76,84,3780.0,112.08,45.0,49.0,4.8
2026-08-03,P14,1511,70,77,3465.0,103.69,45.0,49.0,4.8
2026-08-04,P14,1347,64,70,3150.0,94.5,45.0,49.0,4.8
2026-08-05,P14,1462,69,76,3420.0,103.76,45.0,49.0,4.8
2026-08-06,P14,1568,69,76,3420.0,106.84,45.0,49.0,4.8
2026-08-07,P14,1431,66,73,3285.0,95.11,45.0,49.0,4.79
2026-08-08,P14,4141,252,277,11080.0,337.5,40.0,44.0,4.81
2026-08-09,P14,1726,81,89,4005.0,119.65,45.0,49.0,4.8
2026-08-10,P14,1394,59,65,2925.0,87.45,45.0,49.0,4.81
2026-08-11,P14,1614,72,79,3555.0,107.5,45.0,49.0,4.8
2026-08-12,P14,1496,67,74,3330.0,101.27,45.0,49.0,4.8
2026-08-13,P14,1534,69,76,3420.0,99.51,45.0,49.0,4.81
2026-08-14,P14,1426,62,68,3060.0,88.47,45.0,49.0,4.8
2026-08-15,P14,1717,82,90,4050.0,122.58,45.0,49.0,4.81
2026-08-16,P14,1887,84,92,4140.0,121.61,45.0,49.0,4.8
2026-08-17,P14,1476,61,67,3015.0,86.55,45.0,49.0,4.8
2026-08-18,P14,1477,63,69,3105.0,92.1,45.0,49.0,4.8
2026-08-19,P14,1494,66,73,3285.0,93.49,45.0,49.0,4.8
2026-08-20,P14,1443,65,72,3240.0,96.99,45.0,49.0,4.8
2026-08-21,P14,1433,65,72,3240.0,95.44,45.0,49.0,4.8
2026-08-22,P14,1562,71,78,3510.0,101.46,45.0,49.0,4.8
2026-08-23,P14,1676,80,88,3960.0,120.03,45.0,49.0,4.82
2026-08-24,P14,1532,71,78,3510.0,105.39,45.0,49.0,4.8
2026-08-25,P14,1453,64,70,3150.0,94.68,45.0,49.0,4.8
2026-08-26,P14,1600,75,82,3690.0,111.69,45.0,49.0,4.81
2026-08-27,P14,1511,69,76,3420.0,107.28,45.0,49.0,4.8
2026-08-28,P14,1460,66,73,3285.0,98.97,45.0,49.0,4.79
2026-08-29,P14,1703,81,89,4005.0,121.2,45.0,49.0,4.79
2026-08-30,P14,1554,70,77,3465.0,98.34,45.0,49.0,4.8
2026-08-31,P14,1468,64,70,3150.0,94.7,45.0,49.0,4.81
2026-09-01,P14,1437,60,66,2970.0,89.74,45.0,49.0,4.8
2026-09-02,P14,1537,73,80,3600.0,111.15,45.0,49.0,4.8
2026-09-03,P14,1404,60,66,2970.0,92.37,45.0,49.0,4.8
2026-09-04,P14,1525,70,77,3465.0,107.28,45.0,49.0,4.8
2026-09-05,P14,1706,79,87,3915.0,117.95,45.0,49.0,4.8
2026-09-06,P14,1596,72,79,3555.0,101.97,45.0,49.0,4.79
2026-09-07,P14,1470,67,74,3330.0,96.0,45.0,49.0,4.8
2026-09-08,P14,1482,68,75,3375.0,100.9,45.0,49.0,4.8
2026-09-09,P14,1470,69,76,3420.0,107.58,45.0,49.0,4.81
2026-09-10,P14,1461,66,73,3285.0,99.26,45.0,49.0,4.8
2026-09-11,P14,1429,61,67,3015.0,90.71,45.0,49.0,4.81
2026-09-12,P14,1647,81,89,4005.0,120.84,45.0,49.0,4.8
2026-09-13,P14,1716,81,89,4005.0,119.41,45.0,49.0,4.81
2026-09-14,P14,1367,62,68,3060.0,93.81,45.0,49.0,4.79
2026-09-15,P14,1502,65,72,3240.0,97.85,45.0,49.0,4.81
2026-09-16,P14,1492,69,76,3420.0,97.76,45.0,49.0,4.79
2026-09-17,P14,1517,67,74,3330.0,103.2,45.0,49.0,4.8
2026-09-18,P14,1455,65,72,3240.0,98.02,45.0,49.0,4.81
2026-09-19,P14,1818,87,96,4320.0,123.38,45.0,49.0,4.79
2026-09-20,P14,1674,77,85,3825.0,119.88,45.0,49.0,4.8
2026-06-23,P15,1874,98,118,3422.0,100.88,29.0,32.0,4.8
2026-06-24,P15,1725,82,98,2842.0,86.57,29.0,32.0,4.8
2026-06-25,P15,1689,85,102,2958.0,87.93,29.0,32.0,4.8
2026-06-26,P15,1570,80,96,2784.0,87.37,29.0,32.0,4.8
2026-06-27,P15,1903,91,109,3161.0,90.41,29.0,32.0,4.79
2026-06-28,P15,1985,99,119,3451.0,101.23,29.0,32.0,4.81
2026-06-29,P15,1696,84,101,2929.0,91.5,29.0,32.0,4.79
2026-06-30,P15,1804,89,107,3103.0,94.02,29.0,32.0,4.81
2026-07-01,P15,1787,86,103,2987.0,88.25,29.0,32.0,4.8
2026-07-02,P15,1772,88,106,3074.0,92.7,29.0,32.0,4.8
2026-07-03,P15,1808,92,110,3190.0,96.99,29.0,32.0,4.8
2026-07-04,P15,1982,108,130,3770.0,112.68,29.0,32.0,4.8
2026-07-05,P15,1934,100,120,3480.0,103.26,29.0,32.0,4.81
2026-07-06,P15,1611,77,92,2668.0,77.87,29.0,32.0,4.79
2026-07-07,P15,1713,87,104,3016.0,91.83,29.0,32.0,4.79
2026-07-08,P15,1757,84,101,2929.0,93.46,29.0,32.0,4.8
2026-07-09,P15,1687,87,104,3016.0,92.39,29.0,32.0,4.8
2026-07-10,P15,1602,80,96,2784.0,83.3,29.0,32.0,4.8
2026-07-11,P15,1827,97,116,3364.0,96.91,29.0,32.0,4.8
2026-07-12,P15,1849,96,115,3335.0,99.56,29.0,32.0,4.79
2026-07-13,P15,1812,88,106,3074.0,98.04,29.0,32.0,4.81
2026-07-14,P15,1639,84,101,2929.0,83.56,29.0,32.0,4.79
2026-07-15,P15,1719,81,97,2813.0,83.87,29.0,32.0,4.8
2026-07-16,P15,1900,99,119,3451.0,101.21,29.0,32.0,4.8
2026-07-17,P15,1689,88,106,3074.0,92.63,29.0,32.0,4.8
2026-07-18,P15,1769,88,106,3074.0,94.29,29.0,32.0,4.8
2026-07-19,P15,1837,98,118,3422.0,105.29,29.0,32.0,4.8
2026-07-20,P15,1722,85,102,2958.0,94.87,29.0,32.0,4.8
2026-07-21,P15,1740,94,113,3277.0,98.45,29.0,32.0,4.8
2026-07-22,P15,1677,86,103,2987.0,93.75,29.0,32.0,4.79
2026-07-23,P15,1753,86,103,2987.0,86.1,29.0,32.0,4.8
2026-07-24,P15,1887,95,114,3306.0,99.71,29.0,32.0,4.8
2026-07-25,P15,1941,98,118,3422.0,101.15,29.0,32.0,4.8
2026-07-26,P15,2075,112,134,3886.0,113.3,29.0,32.0,4.8
2026-07-27,P15,1768,85,102,2958.0,86.26,29.0,32.0,4.8
2026-07-28,P15,1660,82,98,2842.0,86.22,29.0,32.0,4.8
2026-07-29,P15,1560,83,100,2900.0,83.85,29.0,32.0,4.8
2026-07-30,P15,1614,83,100,2900.0,85.05,29.0,32.0,4.8
2026-07-31,P15,1609,80,96,2784.0,83.6,29.0,32.0,4.81
2026-08-01,P15,1959,99,119,3451.0,104.82,29.0,32.0,4.8
2026-08-02,P15,1903,98,118,3422.0,104.04,29.0,32.0,4.8
2026-08-03,P15,1743,90,108,3132.0,93.7,29.0,32.0,4.81
2026-08-04,P15,1696,88,106,3074.0,90.34,29.0,32.0,4.8
2026-08-05,P15,1654,85,102,2958.0,83.88,29.0,32.0,4.79
2026-08-06,P15,1732,87,104,3016.0,93.67,29.0,32.0,4.8
2026-08-07,P15,1696,83,100,2900.0,85.16,29.0,32.0,4.8
2026-08-08,P15,4959,344,413,10738.0,328.23,26.0,29.0,4.79
2026-08-09,P15,1900,102,122,3538.0,101.62,29.0,32.0,4.79
2026-08-10,P15,1729,89,107,3103.0,97.2,29.0,32.0,4.81
2026-08-11,P15,1667,80,96,2784.0,82.78,29.0,32.0,4.8
2026-08-12,P15,1690,84,101,2929.0,85.33,29.0,32.0,4.8
2026-08-13,P15,1649,77,92,2668.0,81.69,29.0,32.0,4.8
2026-08-14,P15,1697,85,102,2958.0,89.64,29.0,32.0,4.8
2026-08-15,P15,2025,100,120,3480.0,103.96,29.0,32.0,4.81
2026-08-16,P15,1868,103,124,3596.0,106.5,29.0,32.0,4.8
2026-08-17,P15,1588,78,94,2726.0,81.92,29.0,32.0,4.8
2026-08-18,P15,1626,78,94,2726.0,82.08,29.0,32.0,4.8
2026-08-19,P15,1767,90,108,3132.0,89.88,29.0,32.0,4.79
2026-08-20,P15,1686,88,106,3074.0,93.75,29.0,32.0,4.8
2026-08-21,P15,1783,92,110,3190.0,96.19,29.0,32.0,4.79
2026-08-22,P15,1740,91,109,3161.0,92.87,29.0,32.0,4.81
2026-08-23,P15,2070,108,130,3770.0,110.74,29.0,32.0,4.8
2026-08-24,P15,1593,81,97,2813.0,83.96,29.0,32.0,4.8
2026-08-25,P15,1603,83,100,2900.0,86.68,29.0,32.0,4.8
2026-08-26,P15,1733,92,110,3190.0,99.02,29.0,32.0,4.8
2026-08-27,P15,1716,88,106,3074.0,95.18,29.0,32.0,4.8
2026-08-28,P15,1725,87,104,3016.0,92.53,29.0,32.0,4.81
2026-08-29,P15,1753,98,118,3422.0,100.32,29.0,32.0,4.81
2026-08-30,P15,2010,110,132,3828.0,117.09,29.0,32.0,4.8
2026-08-31,P15,1677,86,103,2987.0,86.72,29.0,32.0,4.8
2026-09-01,P15,1685,77,92,2668.0,83.48,29.0,32.0,4.8
2026-09-02,P15,1602,86,103,2987.0,85.67,29.0,32.0,4.8
2026-09-03,P15,1899,101,121,3509.0,108.5,29.0,32.0,4.79
2026-09-04,P15,1690,78,94,2726.0,83.19,29.0,32.0,4.79
2026-09-05,P15,1793,101,121,3509.0,104.85,29.0,32.0,4.81
2026-09-06,P15,1883,95,114,3306.0,99.24,29.0,32.0,4.8
2026-09-07,P15,1709,84,101,2929.0,83.82,29.0,32.0,4.8
2026-09-08,P15,1682,84,101,2929.0,90.79,29.0,32.0,4.8
2026-09-09,P15,1930,101,121,3509.0,100.81,29.0,32.0,4.8
2026-09-10,P15,1727,87,104,3016.0,89.15,29.0,32.0,4.8
2026-09-11,P15,1703,88,106,3074.0,86.57,29.0,32.0,4.8
2026-09-12,P15,1768,88,106,3074.0,94.13,29.0,32.0,4.8
2026-09-13,P15,1881,92,110,3190.0,98.85,29.0,32.0,4.79
2026-09-14,P15,1642,84,101,2929.0,88.73,29.0,32.0,4.79
2026-09-15,P15,1747,87,104,3016.0,89.32,29.0,32.0,4.8
2026-09-16,P15,1679,81,97,2813.0,85.24,29.0,32.0,4.8
2026-09-17,P15,1646,82,98,2842.0,83.08,29.0,32.0,4.8
2026-09-18,P15,1638,80,96,2784.0,83.98,29.0,32.0,4.81
2026-09-19,P15,1846,96,115,3335.0,103.27,29.0,32.0,4.79
2026-09-20,P15,1749,92,110,3190.0,93.58,29.0,32.0,4.81
2026-06-23,P16,1113,51,59,2065.0,62.75,35.0,38.0,4.8
2026-06-24,P16,1113,51,59,2065.0,54.94,35.0,38.0,4.8
2026-06-25,P16,1127,49,56,1960.0,57.67,35.0,38.0,4.8
2026-06-26,P16,1030,46,53,1855.0,56.21,35.0,38.0,4.8
2026-06-27,P16,1103,49,56,1960.0,58.64,35.0,38.0,4.8
2026-06-28,P16,1292,60,69,2415.0,72.97,35.0,38.0,4.8
2026-06-29,P16,1102,51,59,2065.0,62.34,35.0,38.0,4.79
2026-06-30,P16,1073,52,60,2100.0,64.86,35.0,38.0,4.8
2026-07-01,P16,1086,47,54,1890.0,60.11,35.0,38.0,4.79
2026-07-02,P16,1073,46,53,1855.0,57.48,35.0,38.0,4.81
2026-07-03,P16,1143,55,63,2205.0,65.28,35.0,38.0,4.81
2026-07-04,P16,1275,61,70,2450.0,72.64,35.0,38.0,4.8
2026-07-05,P16,1165,55,63,2205.0,67.63,35.0,38.0,4.79
2026-07-06,P16,1059,49,56,1960.0,60.17,35.0,38.0,4.8
2026-07-07,P16,943,44,51,1785.0,51.66,35.0,38.0,4.8
2026-07-08,P16,1177,56,64,2240.0,67.93,35.0,38.0,4.8
2026-07-09,P16,1082,47,54,1890.0,54.43,35.0,38.0,4.81
2026-07-10,P16,1054,48,55,1925.0,62.71,35.0,38.0,4.79
2026-07-11,P16,1206,52,60,2100.0,64.57,35.0,38.0,4.8
2026-07-12,P16,1229,57,66,2310.0,69.85,35.0,38.0,4.8
2026-07-13,P16,1130,50,57,1995.0,62.04,35.0,38.0,4.8
2026-07-14,P16,1103,51,59,2065.0,59.86,35.0,38.0,4.8
2026-07-15,P16,1162,54,62,2170.0,63.9,35.0,38.0,4.8
2026-07-16,P16,1138,52,60,2100.0,61.28,35.0,38.0,4.8
2026-07-17,P16,1105,51,59,2065.0,62.28,35.0,38.0,4.79
2026-07-18,P16,1156,52,60,2100.0,61.45,35.0,38.0,4.8
2026-07-19,P16,1233,59,68,2380.0,70.08,35.0,38.0,4.79
2026-07-20,P16,1051,44,51,1785.0,53.99,35.0,38.0,4.8
2026-07-21,P16,1129,50,57,1995.0,60.16,35.0,38.0,4.81
2026-07-22,P16,1048,51,59,2065.0,65.24,35.0,38.0,4.8
2026-07-23,P16,1072,45,52,1820.0,56.19,35.0,38.0,4.8
2026-07-24,P16,1089,49,56,1960.0,60.11,35.0,38.0,4.79
2026-07-25,P16,1253,59,68,2380.0,70.99,35.0,38.0,4.8
2026-07-26,P16,1183,53,61,2135.0,64.31,35.0,38.0,4.8
2026-07-27,P16,1112,47,54,1890.0,58.72,35.0,38.0,4.8
2026-07-28,P16,985,45,52,1820.0,55.8,35.0,38.0,4.8
2026-07-29,P16,1055,49,56,1960.0,58.06,35.0,38.0,4.8
2026-07-30,P16,1134,50,57,1995.0,60.0,35.0,38.0,4.8
2026-07-31,P16,1138,55,63,2205.0,68.41,35.0,38.0,4.79
2026-08-01,P16,1189,54,62,2170.0,62.27,35.0,38.0,4.81
2026-08-02,P16,1215,56,64,2240.0,70.22,35.0,38.0,4.79
2026-08-03,P16,1078,48,55,1925.0,54.59,35.0,38.0,4.8
2026-08-04,P16,1059,48,55,1925.0,57.77,35.0,38.0,4.79
2026-08-05,P16,1064,49,56,1960.0,57.88,35.0,38.0,4.81
2026-08-06,P16,1105,50,57,1995.0,58.2,35.0,38.0,4.8
2026-08-07,P16,1086,52,60,2100.0,66.7,35.0,38.0,4.8
2026-08-08,P16,3082,190,218,6976.0,213.16,32.0,34.0,4.8
2026-08-09,P16,1190,56,64,2240.0,67.97,35.0,38.0,4.8
2026-08-10,P16,1038,47,54,1890.0,54.1,35.0,38.0,4.8
2026-08-11,P16,1139,52,60,2100.0,61.54,35.0,38.0,4.79
2026-08-12,P16,1139,53,61,2135.0,62.99,35.0,38.0,4.8
2026-08-13,P16,1002,41,47,1645.0,49.86,35.0,38.0,4.8
2026-08-14,P16,1118,46,53,1855.0,54.59,35.0,38.0,4.8
2026-08-15,P16,1273,57,66,2310.0,66.49,35.0,38.0,4.8
2026-08-16,P16,1185,54,62,2170.0,65.21,35.0,38.0,4.8
2026-08-17,P16,1184,54,62,2170.0,63.88,35.0,38.0,4.8
2026-08-18,P16,1053,47,54,1890.0,54.69,35.0,38.0,4.79
2026-08-19,P16,1181,51,59,2065.0,59.92,35.0,38.0,4.8
2026-08-20,P16,1128,52,60,2100.0,63.29,35.0,38.0,4.8
2026-08-21,P16,1022,46,53,1855.0,56.38,35.0,38.0,4.8
2026-08-22,P16,1187,58,67,2345.0,68.97,35.0,38.0,4.8
2026-08-23,P16,1202,51,59,2065.0,62.89,35.0,38.0,4.79
2026-08-24,P16,1087,51,59,2065.0,61.96,35.0,38.0,4.8
2026-08-25,P16,1113,50,57,1995.0,62.57,35.0,38.0,4.81
2026-08-26,P16,1027,46,53,1855.0,54.8,35.0,38.0,4.8
2026-08-27,P16,1157,53,61,2135.0,63.73,35.0,38.0,4.79
2026-08-28,P16,1046,45,52,1820.0,51.75,35.0,38.0,4.79
2026-08-29,P16,1124,50,57,1995.0,61.93,35.0,38.0,4.8
2026-08-30,P16,1159,54,62,2170.0,63.43,35.0,38.0,4.81
2026-08-31,P16,1211,56,64,2240.0,68.3,35.0,38.0,4.81
2026-09-01,P16,1186,51,59,2065.0,60.73,35.0,38.0,4.8
2026-09-02,P16,1136,51,59,2065.0,59.74,35.0,38.0,4.8
2026-09-03,P16,1083,47,54,1890.0,59.25,35.0,38.0,4.8
2026-09-04,P16,1063,49,56,1960.0,57.8,35.0,38.0,4.8
2026-09-05,P16,1212,60,69,2415.0,74.28,35.0,38.0,4.8
2026-09-06,P16,1229,55,63,2205.0,66.58,35.0,38.0,4.8
2026-09-07,P16,1055,47,54,1890.0,57.73,35.0,38.0,4.8
2026-09-08,P16,1091,46,53,1855.0,55.03,35.0,38.0,4.8
2026-09-09,P16,1007,46,53,1855.0,54.21,35.0,38.0,4.81
2026-09-10,P16,1131,49,56,1960.0,57.84,35.0,38.0,4.79
2026-09-11,P16,1091,50,57,1995.0,62.08,35.0,38.0,4.81
2026-09-12,P16,1190,56,64,2240.0,65.42,35.0,38.0,4.8
2026-09-13,P16,1172,53,61,2135.0,62.11,35.0,38.0,4.8
2026-09-14,P16,1118,53,61,2135.0,65.64,35.0,38.0,4.79
2026-09-15,P16,1022,46,53,1855.0,53.14,35.0,38.0,4.79
2026-09-16,P16,1143,52,60,2100.0,65.14,35.0,38.0,4.8
2026-09-17,P16,1073,48,55,1925.0,59.9,35.0,38.0,4.8
2026-09-18,P16,1124,49,56,1960.0,59.8,35.0,38.0,4.8
2026-09-19,P16,1279,60,69,2415.0,75.89,35.0,38.0,4.81
2026-09-20,P16,1229,58,67,2345.0,70.03,35.0,38.0,4.8
2026-06-23,P17,831,33,36,1404.0,43.08,39.0,42.0,4.8
2026-06-24,P17,853,33,36,1404.0,40.73,39.0,42.0,4.8
2026-06-25,P17,808,32,35,1365.0,42.15,39.0,42.0,4.79
2026-06-26,P17,816,33,36,1404.0,42.9,39.0,42.0,4.8
2026-06-27,P17,876,38,42,1638.0,48.03,39.0,42.0,4.8
2026-06-28,P17,969,42,46,1794.0,54.53,39.0,42.0,4.81
2026-06-29,P17,790,31,34,1326.0,43.57,39.0,42.0,4.8
2026-06-30,P17,815,32,35,1365.0,41.4,39.0,42.0,4.81
2026-07-01,P17,814,33,36,1404.0,42.93,39.0,42.0,4.8
2026-07-02,P17,801,32,35,1365.0,43.51,39.0,42.0,4.8
2026-07-03,P17,747,31,34,1326.0,38.83,39.0,42.0,4.79
2026-07-04,P17,926,36,40,1560.0,46.62,39.0,42.0,4.8
2026-07-05,P17,900,34,37,1443.0,44.13,39.0,42.0,4.79
2026-07-06,P17,803,33,36,1404.0,41.1,39.0,42.0,4.8
2026-07-07,P17,810,32,35,1365.0,40.17,39.0,42.0,4.8
2026-07-08,P17,788,30,33,1287.0,40.04,39.0,42.0,4.8
2026-07-09,P17,811,33,36,1404.0,42.45,39.0,42.0,4.8
2026-07-10,P17,793,31,34,1326.0,39.34,39.0,42.0,4.8
2026-07-11,P17,910,37,41,1599.0,48.82,39.0,42.0,4.79
2026-07-12,P17,818,33,36,1404.0,43.73,39.0,42.0,4.81
2026-07-13,P17,781,34,37,1443.0,42.46,39.0,42.0,4.8
2026-07-14,P17,786,31,34,1326.0,40.18,39.0,42.0,4.81
2026-07-15,P17,807,32,35,1365.0,41.45,39.0,42.0,4.8
2026-07-16,P17,860,35,38,1482.0,44.19,39.0,42.0,4.79
2026-07-17,P17,809,32,35,1365.0,41.72,39.0,42.0,4.8
2026-07-18,P17,870,38,42,1638.0,50.71,39.0,42.0,4.8
2026-07-19,P17,871,37,41,1599.0,47.97,39.0,42.0,4.8
2026-07-20,P17,777,31,34,1326.0,37.76,39.0,42.0,4.8
2026-07-21,P17,819,31,34,1326.0,38.78,39.0,42.0,4.81
2026-07-22,P17,821,31,34,1326.0,39.32,39.0,42.0,4.81
2026-07-23,P17,790,32,35,1365.0,40.61,39.0,42.0,4.8
2026-07-24,P17,801,33,36,1404.0,42.56,39.0,42.0,4.8
2026-07-25,P17,938,38,42,1638.0,48.66,39.0,42.0,4.8
2026-07-26,P17,862,36,40,1560.0,45.33,39.0,42.0,4.8
2026-07-27,P17,824,33,36,1404.0,43.8,39.0,42.0,4.79
2026-07-28,P17,786,31,34,1326.0,39.36,39.0,42.0,4.8
2026-07-29,P17,788,33,36,1404.0,38.87,39.0,42.0,4.8
2026-07-30,P17,787,33,36,1404.0,41.65,39.0,42.0,4.8
2026-07-31,P17,789,31,34,1326.0,40.73,39.0,42.0,4.8
2026-08-01,P17,916,37,41,1599.0,46.29,39.0,42.0,4.81
2026-08-02,P17,889,38,42,1638.0,50.33,39.0,42.0,4.78
2026-08-03,P17,825,34,37,1443.0,44.72,39.0,42.0,4.8
2026-08-04,P17,828,32,35,1365.0,38.41,39.0,42.0,4.81
2026-08-05,P17,836,33,36,1404.0,41.42,39.0,42.0,4.79
2026-08-06,P17,818,33,36,1404.0,42.77,39.0,42.0,4.8
2026-08-07,P17,827,35,38,1482.0,44.35,39.0,42.0,4.8
2026-08-08,P17,2156,133,146,5110.0,150.49,35.0,38.0,4.8
2026-08-09,P17,976,39,43,1677.0,50.45,39.0,42.0,4.8
2026-08-10,P17,816,33,36,1404.0,42.22,39.0,42.0,4.8
2026-08-11,P17,811,33,36,1404.0,41.05,39.0,42.0,4.81
2026-08-12,P17,782,32,35,1365.0,40.9,39.0,42.0,4.8
2026-08-13,P17,829,33,36,1404.0,43.29,39.0,42.0,4.8
2026-08-14,P17,733,29,32,1248.0,36.2,39.0,42.0,4.8
2026-08-15,P17,969,40,44,1716.0,51.97,39.0,42.0,4.79
2026-08-16,P17,878,36,40,1560.0,47.18,39.0,42.0,4.8
2026-08-17,P17,783,32,35,1365.0,39.93,39.0,42.0,4.8
2026-08-18,P17,826,33,36,1404.0,40.7,39.0,42.0,4.8
2026-08-19,P17,830,32,35,1365.0,40.48,39.0,42.0,4.8
2026-08-20,P17,748,29,32,1248.0,37.18,39.0,42.0,4.8
2026-08-21,P17,758,30,33,1287.0,37.06,39.0,42.0,4.79
2026-08-22,P17,914,38,42,1638.0,48.22,39.0,42.0,4.8
2026-08-23,P17,865,37,41,1599.0,47.55,39.0,42.0,4.8
2026-08-24,P17,759,32,35,1365.0,42.2,39.0,42.0,4.8
2026-08-25,P17,832,33,36,1404.0,42.56,39.0,42.0,4.79
2026-08-26,P17,855,34,37,1443.0,42.82,39.0,42.0,4.8
2026-08-27,P17,814,31,34,1326.0,40.36,39.0,42.0,4.8
2026-08-28,P17,856,34,37,1443.0,42.42,39.0,42.0,4.8
2026-08-29,P17,911,38,42,1638.0,46.96,39.0,42.0,4.79
2026-08-30,P17,872,37,41,1599.0,47.93,39.0,42.0,4.79
2026-08-31,P17,698,29,32,1248.0,37.03,39.0,42.0,4.8
2026-09-01,P17,842,31,34,1326.0,40.25,39.0,42.0,4.8
2026-09-02,P17,778,31,34,1326.0,38.46,39.0,42.0,4.8
2026-09-03,P17,792,31,34,1326.0,41.12,39.0,42.0,4.8
2026-09-04,P17,792,31,34,1326.0,39.76,39.0,42.0,4.8
2026-09-05,P17,849,34,37,1443.0,43.06,39.0,42.0,4.8
2026-09-06,P17,833,36,40,1560.0,44.84,39.0,42.0,4.8
2026-09-07,P17,813,33,36,1404.0,43.67,39.0,42.0,4.8
2026-09-08,P17,809,34,37,1443.0,43.32,39.0,42.0,4.81
2026-09-09,P17,825,36,40,1560.0,47.6,39.0,42.0,4.8
2026-09-10,P17,774,31,34,1326.0,39.44,39.0,42.0,4.8
2026-09-11,P17,828,36,40,1560.0,47.61,39.0,42.0,4.8
2026-09-12,P17,795,32,35,1365.0,40.54,39.0,42.0,4.79
2026-09-13,P17,876,36,40,1560.0,45.1,39.0,42.0,4.8
2026-09-14,P17,862,34,37,1443.0,42.14,39.0,42.0,4.79
2026-09-15,P17,787,33,36,1404.0,42.26,39.0,42.0,4.8
2026-09-16,P17,779,30,33,1287.0,39.63,39.0,42.0,4.8
2026-09-17,P17,758,30,33,1287.0,41.14,39.0,42.0,4.8
2026-09-18,P17,757,30,33,1287.0,39.13,39.0,42.0,4.8
2026-09-19,P17,881,36,40,1560.0,47.28,39.0,42.0,4.8
2026-09-20,P17,872,38,42,1638.0,48.74,39.0,42.0,4.79
2026-06-23,P18,1426,59,65,1943.5,58.05,29.9,32.0,4.8
2026-06-24,P18,1428,55,61,1823.9,53.36,29.9,32.0,4.8
2026-06-25,P18,1451,61,67,2003.3,62.85,29.9,32.0,4.8
2026-06-26,P18,1303,55,61,1823.9,53.7,29.9,32.0,4.81
2026-06-27,P18,1575,63,69,2063.1,65.02,29.9,32.0,4.8
2026-06-28,P18,1543,60,66,1973.4,62.12,29.9,32.0,4.79
2026-06-29,P18,1345,56,62,1853.8,54.23,29.9,32.0,4.79
2026-06-30,P18,1454,59,65,1943.5,61.74,29.9,32.0,4.8
2026-07-01,P18,1466,62,68,2033.2,61.54,29.9,32.0,4.81
2026-07-02,P18,1318,50,55,1644.5,49.12,29.9,32.0,4.8
2026-07-03,P18,1327,50,55,1644.5,47.69,29.9,32.0,4.8
2026-07-04,P18,1415,59,65,1943.5,55.98,29.9,32.0,4.8
2026-07-05,P18,1669,69,76,2272.4,68.35,29.9,32.0,4.8
2026-07-06,P18,1330,56,62,1853.8,56.63,29.9,32.0,4.8
2026-07-07,P18,1486,61,67,2003.3,60.91,29.9,32.0,4.81
2026-07-08,P18,1450,60,66,1973.4,61.06,29.9,32.0,4.8
2026-07-09,P18,1422,55,61,1823.9,53.96,29.9,32.0,4.79
2026-07-10,P18,1364,55,61,1823.9,55.02,29.9,32.0,4.8
2026-07-11,P18,1508,63,69,2063.1,60.93,29.9,32.0,4.8
2026-07-12,P18,1480,61,67,2003.3,60.2,29.9,32.0,4.8
2026-07-13,P18,1314,55,61,1823.9,55.99,29.9,32.0,4.8
2026-07-14,P18,1441,57,63,1883.7,58.51,29.9,32.0,4.8
2026-07-15,P18,1353,54,59,1764.1,51.96,29.9,32.0,4.8
2026-07-16,P18,1351,56,62,1853.8,55.2,29.9,32.0,4.79
2026-07-17,P18,1524,61,67,2003.3,61.29,29.9,32.0,4.8
2026-07-18,P18,1544,63,69,2063.1,60.37,29.9,32.0,4.79
2026-07-19,P18,1505,60,66,1973.4,59.63,29.9,32.0,4.8
2026-07-20,P18,1431,53,58,1734.2,53.98,29.9,32.0,4.79
2026-07-21,P18,1365,53,58,1734.2,49.59,29.9,32.0,4.8
2026-07-22,P18,1351,54,59,1764.1,51.19,29.9,32.0,4.81
2026-07-23,P18,1287,53,58,1734.2,52.22,29.9,32.0,4.79
2026-07-24,P18,1447,63,69,2063.1,62.36,29.9,32.0,4.8
2026-07-25,P18,1524,63,69,2063.1,61.92,29.9,32.0,4.8
2026-07-26,P18,1551,65,72,2152.8,67.88,29.9,32.0,4.81
2026-07-27,P18,1327,50,55,1644.5,47.27,29.9,32.0,4.8
2026-07-28,P18,1377,56,62,1853.8,57.42,29.9,32.0,4.8
2026-07-29,P18,1412,55,61,1823.9,55.64,29.9,32.0,4.81
2026-07-30,P18,1404,58,64,1913.6,58.75,29.9,32.0,4.8
2026-07-31,P18,1437,55,61,1823.9,55.37,29.9,32.0,4.79
2026-08-01,P18,1583,64,70,2093.0,62.83,29.9,32.0,4.8
2026-08-02,P18,1563,66,73,2182.7,63.62,29.9,32.0,4.81
2026-08-03,P18,1362,53,58,1734.2,53.07,29.9,32.0,4.8
2026-08-04,P18,1391,59,65,1943.5,59.11,29.9,32.0,4.8
2026-08-05,P18,1398,56,62,1853.8,56.79,29.9,32.0,4.8
2026-08-06,P18,1544,63,69,2063.1,62.61,29.9,32.0,4.79
2026-08-07,P18,1346,55,61,1823.9,53.33,29.9,32.0,4.8
2026-08-08,P18,3884,228,251,6777.0,217.69,27.0,29.0,4.8
2026-08-09,P18,1440,60,66,1973.4,58.69,29.9,32.0,4.8
2026-08-10,P18,1354,52,57,1704.3,53.73,29.9,32.0,4.8
2026-08-11,P18,1521,65,72,2152.8,64.74,29.9,32.0,4.8
2026-08-12,P18,1340,55,61,1823.9,54.61,29.9,32.0,4.8
2026-08-13,P18,1454,56,62,1853.8,56.97,29.9,32.0,4.79
2026-08-14,P18,1361,54,59,1764.1,56.74,29.9,32.0,4.81
2026-08-15,P18,1480,61,67,2003.3,57.14,29.9,32.0,4.8
2026-08-16,P18,1717,73,80,2392.0,71.6,29.9,32.0,4.8
2026-08-17,P18,1480,58,64,1913.6,59.0,29.9,32.0,4.81
2026-08-18,P18,1321,54,59,1764.1,52.39,29.9,32.0,4.79
2026-08-19,P18,1399,56,62,1853.8,54.65,29.9,32.0,4.81
2026-08-20,P18,1335,54,59,1764.1,54.72,29.9,32.0,4.81
2026-08-21,P18,1272,52,57,1704.3,50.07,29.9,32.0,4.8
2026-08-22,P18,1606,67,74,2212.6,68.06,29.9,32.0,4.8
2026-08-23,P18,1553,65,72,2152.8,62.68,29.9,32.0,4.8
2026-08-24,P18,1413,58,64,1913.6,60.74,29.9,32.0,4.8
2026-08-25,P18,1350,53,58,1734.2,53.98,29.9,32.0,4.8
2026-08-26,P18,1448,54,59,1764.1,52.75,29.9,32.0,4.81
2026-08-27,P18,1465,60,66,1973.4,59.14,29.9,32.0,4.8
2026-08-28,P18,1319,54,59,1764.1,51.85,29.9,32.0,4.81
2026-08-29,P18,1540,65,72,2152.8,69.02,29.9,32.0,4.8
2026-08-30,P18,1581,66,73,2182.7,63.12,29.9,32.0,4.8
2026-08-31,P18,1418,58,64,1913.6,60.49,29.9,32.0,4.8
2026-09-01,P18,1478,57,63,1883.7,56.65,29.9,32.0,4.81
2026-09-02,P18,1446,57,63,1883.7,55.58,29.9,32.0,4.8
2026-09-03,P18,1445,58,64,1913.6,60.08,29.9,32.0,4.79
2026-09-04,P18,1397,55,61,1823.9,55.2,29.9,32.0,4.8
2026-09-05,P18,1646,69,76,2272.4,68.48,29.9,32.0,4.81
2026-09-06,P18,1527,63,69,2063.1,64.56,29.9,32.0,4.8
2026-09-07,P18,1372,53,58,1734.2,50.51,29.9,32.0,4.8
2026-09-08,P18,1263,49,54,1614.6,48.39,29.9,32.0,4.8
2026-09-09,P18,1417,56,62,1853.8,54.77,29.9,32.0,4.8
2026-09-10,P18,1425,56,62,1853.8,55.22,29.9,32.0,4.8
2026-09-11,P18,1318,54,59,1764.1,52.2,29.9,32.0,4.8
2026-09-12,P18,1706,71,78,2332.2,74.97,29.9,32.0,4.8
2026-09-13,P18,1477,60,66,1973.4,56.9,29.9,32.0,4.79
2026-09-14,P18,1460,55,61,1823.9,55.04,29.9,32.0,4.8
2026-09-15,P18,1380,57,63,1883.7,53.59,29.9,32.0,4.81
2026-09-16,P18,1355,53,58,1734.2,52.72,29.9,32.0,4.8
2026-09-17,P18,1390,56,62,1853.8,55.9,29.9,32.0,4.8
2026-09-18,P18,1349,55,61,1823.9,54.94,29.9,32.0,4.79
2026-09-19,P18,1411,58,64,1913.6,58.21,29.9,32.0,4.8
2026-09-20,P18,1441,59,65,1943.5,57.16,29.9,32.0,4.8
2026-06-23,P19,1014,40,42,2058.0,61.06,49.0,55.0,4.8
2026-06-24,P19,1030,42,44,2156.0,66.98,49.0,55.0,4.8
2026-06-25,P19,976,37,39,1911.0,58.87,49.0,55.0,4.79
2026-06-26,P19,1135,48,50,2450.0,71.71,49.0,55.0,4.81
2026-06-27,P19,1107,46,48,2352.0,68.48,49.0,55.0,4.8
2026-06-28,P19,1077,43,45,2205.0,70.82,49.0,55.0,4.8
2026-06-29,P19,1050,43,45,2205.0,65.81,49.0,55.0,4.81
2026-06-30,P19,1068,44,46,2254.0,68.1,49.0,55.0,4.81
2026-07-01,P19,946,38,40,1960.0,59.6,49.0,55.0,4.8
2026-07-02,P19,1050,43,45,2205.0,66.44,49.0,55.0,4.8
2026-07-03,P19,902,36,38,1862.0,55.19,49.0,55.0,4.8
2026-07-04,P19,1116,43,45,2205.0,66.25,49.0,55.0,4.8
2026-07-05,P19,1119,47,49,2401.0,70.19,49.0,55.0,4.8
2026-07-06,P19,946,38,40,1960.0,59.65,49.0,55.0,4.8
2026-07-07,P19,1006,40,42,2058.0,59.68,49.0,55.0,4.8
2026-07-08,P19,957,37,39,1911.0,58.19,49.0,55.0,4.81
2026-07-09,P19,958,37,39,1911.0,57.91,49.0,55.0,4.79
2026-07-10,P19,992,38,40,1960.0,56.6,49.0,55.0,4.81
2026-07-11,P19,1080,44,46,2254.0,64.29,49.0,55.0,4.8
2026-07-12,P19,1056,45,47,2303.0,69.28,49.0,55.0,4.8
2026-07-13,P19,946,40,42,2058.0,64.13,49.0,55.0,4.8
2026-07-14,P19,1062,43,45,2205.0,68.14,49.0,55.0,4.81
2026-07-15,P19,963,40,42,2058.0,59.6,49.0,55.0,4.8
2026-07-16,P19,1040,44,46,2254.0,69.39,49.0,55.0,4.8
2026-07-17,P19,1034,43,45,2205.0,64.97,49.0,55.0,4.8
2026-07-18,P19,1083,45,47,2303.0,69.82,49.0,55.0,4.8
2026-07-19,P19,1097,44,46,2254.0,66.22,49.0,55.0,4.81
2026-07-20,P19,949,37,39,1911.0,57.68,49.0,55.0,4.8
2026-07-21,P19,981,39,41,2009.0,60.89,49.0,55.0,4.8
2026-07-22,P19,1042,44,46,2254.0,69.65,49.0,55.0,4.8
2026-07-23,P19,939,39,41,2009.0,60.21,49.0,55.0,4.8
2026-07-24,P19,1004,41,43,2107.0,63.09,49.0,55.0,4.8
2026-07-25,P19,1079,46,48,2352.0,70.5,49.0,55.0,4.8
2026-07-26,P19,1260,52,55,2695.0,82.23,49.0,55.0,4.8
2026-07-27,P19,1042,41,43,2107.0,61.69,49.0,55.0,4.8
2026-07-28,P19,905,37,39,1911.0,58.79,49.0,55.0,4.8
2026-07-29,P19,1088,42,44,2156.0,64.49,49.0,55.0,4.8
2026-07-30,P19,966,39,41,2009.0,58.9,49.0,55.0,4.8
2026-07-31,P19,975,38,40,1960.0,58.92,49.0,55.0,4.81
2026-08-01,P19,1158,50,52,2548.0,76.35,49.0,55.0,4.8
2026-08-02,P19,1097,46,48,2352.0,70.98,49.0,55.0,4.79
2026-08-03,P19,1052,43,45,2205.0,66.92,49.0,55.0,4.79
2026-08-04,P19,998,39,41,2009.0,62.19,49.0,55.0,4.79
2026-08-05,P19,1029,42,44,2156.0,67.4,49.0,55.0,4.8
2026-08-06,P19,1140,47,49,2401.0,70.76,49.0,55.0,4.8
2026-08-07,P19,955,38,40,1960.0,59.55,49.0,55.0,4.8
2026-08-08,P19,2748,158,166,7304.0,225.39,44.0,50.0,4.79
2026-08-09,P19,1004,42,44,2156.0,65.32,49.0,55.0,4.8
2026-08-10,P19,1017,38,40,1960.0,61.05,49.0,55.0,4.8
2026-08-11,P19,1045,40,42,2058.0,62.12,49.0,55.0,4.8
2026-08-12,P19,1012,38,40,1960.0,61.26,49.0,55.0,4.8
2026-08-13,P19,996,40,42,2058.0,61.28,49.0,55.0,4.8
2026-08-14,P19,941,37,39,1911.0,57.38,49.0,55.0,4.8
2026-08-15,P19,1136,49,51,2499.0,74.83,49.0,55.0,4.81
2026-08-16,P19,1152,47,49,2401.0,74.47,49.0,55.0,4.8
2026-08-17,P19,1035,41,43,2107.0,63.95,49.0,55.0,4.79
2026-08-18,P19,1002,40,42,2058.0,62.46,49.0,55.0,4.8
2026-08-19,P19,987,39,41,2009.0,61.79,49.0,55.0,4.8
2026-08-20,P19,1099,40,42,2058.0,59.38,49.0,55.0,4.79
2026-08-21,P19,981,39,41,2009.0,59.28,49.0,55.0,4.8
2026-08-22,P19,1138,47,49,2401.0,74.88,49.0,55.0,4.81
2026-08-23,P19,1242,49,51,2499.0,73.99,49.0,55.0,4.8
2026-08-24,P19,1072,41,43,2107.0,60.94,49.0,55.0,4.79
2026-08-25,P19,1102,45,47,2303.0,66.69,49.0,55.0,4.81
2026-08-26,P19,1016,42,44,2156.0,64.66,49.0,55.0,4.8
2026-08-27,P19,1075,41,43,2107.0,63.62,49.0,55.0,4.8
2026-08-28,P19,1021,39,41,2009.0,58.95,49.0,55.0,4.8
2026-08-29,P19,1109,45,47,2303.0,69.79,49.0,55.0,4.8
2026-08-30,P19,1089,42,44,2156.0,64.93,49.0,55.0,4.8
2026-08-31,P19,996,40,42,2058.0,61.99,49.0,55.0,4.79
2026-09-01,P19,1034,43,45,2205.0,69.23,49.0,55.0,4.81
2026-09-02,P19,1005,42,44,2156.0,67.12,49.0,55.0,4.8
2026-09-03,P19,998,41,43,2107.0,64.09,49.0,55.0,4.8
2026-09-04,P19,922,38,40,1960.0,58.13,49.0,55.0,4.8
2026-09-05,P19,1051,43,45,2205.0,67.63,49.0,55.0,4.8
2026-09-06,P19,1077,45,47,2303.0,70.55,49.0,55.0,4.79
2026-09-07,P19,1042,42,44,2156.0,64.77,49.0,55.0,4.8
2026-09-08,P19,1009,43,45,2205.0,64.24,49.0,55.0,4.8
2026-09-09,P19,1018,42,44,2156.0,63.54,49.0,55.0,4.8
2026-09-10,P19,936,38,40,1960.0,59.06,49.0,55.0,4.8
2026-09-11,P19,1017,39,41,2009.0,62.02,49.0,55.0,4.8
2026-09-12,P19,1083,45,47,2303.0,68.91,49.0,55.0,4.8
2026-09-13,P19,1130,45,47,2303.0,67.28,49.0,55.0,4.79
2026-09-14,P19,1058,42,44,2156.0,65.21,49.0,55.0,4.8
2026-09-15,P19,1039,42,44,2156.0,66.62,49.0,55.0,4.8
2026-09-16,P19,962,40,42,2058.0,60.44,49.0,55.0,4.8
2026-09-17,P19,990,40,42,2058.0,62.4,49.0,55.0,4.8
2026-09-18,P19,1060,40,42,2058.0,64.16,49.0,55.0,4.8
2026-09-19,P19,1092,49,51,2499.0,74.84,49.0,55.0,4.8
2026-09-20,P19,1101,43,45,2205.0,65.27,49.0,55.0,4.81
2026-06-23,P20,408,14,14,826.0,24.15,59.0,65.0,4.8
2026-06-24,P20,449,16,16,944.0,28.7,59.0,65.0,4.8
2026-06-25,P20,442,16,16,944.0,26.74,59.0,65.0,4.8
2026-06-26,P20,446,16,16,944.0,28.67,59.0,65.0,4.81
2026-06-27,P20,514,18,18,1062.0,32.68,59.0,65.0,4.8
2026-06-28,P20,454,16,16,944.0,29.95,59.0,65.0,4.79
2026-06-29,P20,440,15,15,885.0,27.78,59.0,65.0,4.8
2026-06-30,P20,504,18,18,1062.0,31.6,59.0,65.0,4.8
2026-07-01,P20,428,14,14,826.0,25.26,59.0,65.0,4.8
2026-07-02,P20,447,15,15,885.0,27.03,59.0,65.0,4.8
2026-07-03,P20,441,16,16,944.0,29.71,59.0,65.0,4.8
2026-07-04,P20,520,19,19,1121.0,34.37,59.0,65.0,4.79
2026-07-05,P20,480,17,17,1003.0,29.26,59.0,65.0,4.81
2026-07-06,P20,419,14,14,826.0,25.1,59.0,65.0,4.8
2026-07-07,P20,432,15,15,885.0,27.06,59.0,65.0,4.8
2026-07-08,P20,452,16,16,944.0,28.17,59.0,65.0,4.8
2026-07-09,P20,468,17,17,1003.0,30.33,59.0,65.0,4.8
2026-07-10,P20,422,15,15,885.0,26.66,59.0,65.0,4.8
2026-07-11,P20,498,17,17,1003.0,29.15,59.0,65.0,4.81
2026-07-12,P20,538,19,19,1121.0,34.59,59.0,65.0,4.79
2026-07-13,P20,474,17,17,1003.0,28.33,59.0,65.0,4.8
2026-07-14,P20,481,17,17,1003.0,31.31,59.0,65.0,4.8
2026-07-15,P20,461,16,16,944.0,28.87,59.0,65.0,4.8
2026-07-16,P20,464,15,15,885.0,26.75,59.0,65.0,4.8
2026-07-17,P20,418,16,16,944.0,26.57,59.0,65.0,4.8
2026-07-18,P20,504,18,18,1062.0,31.89,59.0,65.0,4.8
2026-07-19,P20,482,18,18,1062.0,31.53,59.0,65.0,4.8
2026-07-20,P20,416,14,14,826.0,24.57,59.0,65.0,4.8
2026-07-21,P20,477,17,17,1003.0,30.47,59.0,65.0,4.79
2026-07-22,P20,434,15,15,885.0,27.75,59.0,65.0,4.8
2026-07-23,P20,483,17,17,1003.0,30.05,59.0,65.0,4.79
2026-07-24,P20,462,17,17,1003.0,30.67,59.0,65.0,4.8
2026-07-25,P20,463,17,17,1003.0,30.66,59.0,65.0,4.81
2026-07-26,P20,454,16,16,944.0,28.46,59.0,65.0,4.8
2026-07-27,P20,456,16,16,944.0,27.23,59.0,65.0,4.8
2026-07-28,P20,433,16,16,944.0,27.75,59.0,65.0,4.79
2026-07-29,P20,447,16,16,944.0,27.35,59.0,65.0,4.8
2026-07-30,P20,455,17,17,1003.0,28.74,59.0,65.0,4.8
2026-07-31,P20,437,15,15,885.0,25.57,59.0,65.0,4.81
2026-08-01,P20,449,16,16,944.0,27.87,59.0,65.0,4.8
2026-08-02,P20,459,17,17,1003.0,30.26,59.0,65.0,4.79
2026-08-03,P20,442,16,16,944.0,28.55,59.0,65.0,4.81
2026-08-04,P20,466,17,17,1003.0,29.47,59.0,65.0,4.8
2026-08-05,P20,461,15,15,885.0,26.75,59.0,65.0,4.8
2026-08-06,P20,461,16,16,944.0,29.51,59.0,65.0,4.81
2026-08-07,P20,480,16,16,944.0,28.8,59.0,65.0,4.8
2026-08-08,P20,1173,61,61,3233.0,96.2,53.0,58.0,4.81
2026-08-09,P20,481,18,18,1062.0,31.21,59.0,65.0,4.81
2026-08-10,P20,402,13,13,767.0,22.07,59.0,65.0,4.8
2026-08-11,P20,437,15,15,885.0,26.45,59.0,65.0,4.81
2026-08-12,P20,434,15,15,885.0,26.98,59.0,65.0,4.81
2026-08-13,P20,432,15,15,885.0,26.54,59.0,65.0,4.8
2026-08-14,P20,443,16,16,944.0,28.51,59.0,65.0,4.8
2026-08-15,P20,502,18,18,1062.0,32.19,59.0,65.0,4.8
2026-08-16,P20,534,20,20,1180.0,35.47,59.0,65.0,4.8
2026-08-17,P20,473,17,17,1003.0,28.99,59.0,65.0,4.79
2026-08-18,P20,504,17,17,1003.0,30.11,59.0,65.0,4.8
2026-08-19,P20,456,16,16,944.0,29.28,59.0,65.0,4.81
2026-08-20,P20,517,19,19,1121.0,33.27,59.0,65.0,4.8
2026-08-21,P20,477,17,17,1003.0,30.42,59.0,65.0,4.81
2026-08-22,P20,485,18,18,1062.0,31.31,59.0,65.0,4.8
2026-08-23,P20,530,19,19,1121.0,34.26,59.0,65.0,4.8
2026-08-24,P20,484,17,17,1003.0,27.6,59.0,65.0,4.81
2026-08-25,P20,471,17,17,1003.0,31.34,59.0,65.0,4.81
2026-08-26,P20,397,14,14,826.0,23.23,59.0,65.0,4.79
2026-08-27,P20,460,16,16,944.0,28.42,59.0,65.0,4.81
2026-08-28,P20,484,17,17,1003.0,30.0,59.0,65.0,4.8
2026-08-29,P20,511,19,19,1121.0,33.39,59.0,65.0,4.79
2026-08-30,P20,504,18,18,1062.0,30.86,59.0,65.0,4.8
2026-08-31,P20,445,16,16,944.0,27.83,59.0,65.0,4.8
2026-09-01,P20,427,15,15,885.0,25.71,59.0,65.0,4.8
2026-09-02,P20,444,15,15,885.0,26.06,59.0,65.0,4.8
2026-09-03,P20,482,17,17,1003.0,30.41,59.0,65.0,4.8
2026-09-04,P20,482,17,17,1003.0,30.47,59.0,65.0,4.81
2026-09-05,P20,460,17,17,1003.0,30.52,59.0,65.0,4.79
2026-09-06,P20,468,17,17,1003.0,31.52,59.0,65.0,4.8
2026-09-07,P20,451,16,16,944.0,29.32,59.0,65.0,4.8
2026-09-08,P20,447,16,16,944.0,28.17,59.0,65.0,4.8
2026-09-09,P20,425,15,15,885.0,26.52,59.0,65.0,4.8
2026-09-10,P20,439,16,16,944.0,27.64,59.0,65.0,4.8
2026-09-11,P20,490,16,16,944.0,28.31,59.0,65.0,4.79
2026-09-12,P20,489,17,17,1003.0,30.58,59.0,65.0,4.8
2026-09-13,P20,538,20,20,1180.0,32.76,59.0,65.0,4.79
2026-09-14,P20,507,18,18,1062.0,30.98,59.0,65.0,4.8
2026-09-15,P20,460,15,15,885.0,26.29,59.0,65.0,4.8
2026-09-16,P20,475,18,18,1062.0,32.23,59.0,65.0,4.8
2026-09-17,P20,431,15,15,885.0,26.55,59.0,65.0,4.79
2026-09-18,P20,467,17,17,1003.0,30.65,59.0,65.0,4.8
2026-09-19,P20,532,19,19,1121.0,33.38,59.0,65.0,4.8
2026-09-20,P20,512,19,19,1121.0,33.7,59.0,65.0,4.82
