variant_id,product_id,variant_name
P01V1,P01,黑色
P01V2,P01,白色
P01V3,P01,蓝色
P02V1,P02,曜石黑
P02V2,P02,云雾白
P03V1,P03,白色
P03V2,P03,黑色
P04V1,P04,星光白
P04V2,P04,深空灰
P05V1,P05,1m 白色
P05V2,P05,2m 白色
P05V3,P05,1m 黑色
P06V1,P06,白色
P06V2,P06,黑色
P07V1,P07,白色
P07V2,P07,黑色
P08V1,P08,粉色
P08V2,P08,白色
P08V3,P08,黑色
P09V1,P09,军绿
P09V2,P09,黑色
P10V1,P10,白色
P10V2,P10,黑色
P11V1,P11,黑色
P11V2,P11,橙色
P12V1,P12,黑色
P12V2,P12,米白
P13V1,P13,白色
P14V1,P14,黑色
P15V1,P15,1m
P15V2,P15,2m
P16V1,P16,黑色
P16V2,P16,白色
P17V1,P17,黑色
P17V2,P17,白色
P18V1,P18,银色
P18V2,P18,黑色
P19V1,P19,黑色
P20V1,P20,银色
P20V2,P20,深空灰
