date,variant_id,units,gmv,stock_units
2026-06-23,S01V1,548,32332.0,15742
2026-06-23,S01V2,449,26491.0,12871
2026-06-23,S03V1,383,30257.0,11572
2026-06-23,S03V2,206,16274.0,6229
2026-06-23,S04V1,323,9657.7,10402
2026-06-23,S04V2,216,6458.4,6939
2026-06-23,S05V1,92,3670.8,2548
2026-06-23,S05V2,61,2433.9,1694
2026-06-23,S06V1,72,3240.0,2193
2026-06-23,S07V1,64,4416.0,1901
2026-06-23,S07V2,43,2967.0,1277
2026-06-23,S08V1,34,2006.0,1046
2026-06-23,S08V2,34,2006.0,1046
2026-06-23,S09V1,63,2072.7,1842
2026-06-23,S09V2,42,1381.8,1218
2026-06-23,S10V1,120,2748.0,3540
2026-06-23,S11V1,79,1572.1,2021
2026-06-23,S11V2,53,1054.7,1357
2026-06-23,S12V1,20,980.0,610
2026-06-23,S12V2,14,686.0,406
2026-06-23,S13V1,53,2114.7,1597
2026-06-23,S13V2,35,1396.5,1045
2026-06-23,S14V1,17,1343.0,523
2026-06-23,S14V2,17,1343.0,493
2026-06-23,S15V1,85,2201.5,2645
2026-06-23,S16V1,36,1292.4,1119
2026-06-24,S01V1,558,32922.0,15184
2026-06-24,S01V2,456,26904.0,12415
2026-06-24,S03V1,389,30731.0,11183
2026-06-24,S03V2,209,16511.0,6020
2026-06-24,S04V1,335,10016.5,10067
2026-06-24,S04V2,223,6667.7,6716
2026-06-24,S05V1,94,3750.6,2454
2026-06-24,S05V2,62,2473.8,1632
2026-06-24,S06V1,70,3150.0,2123
2026-06-24,S07V1,66,4554.0,1835
2026-06-24,S07V2,44,3036.0,1233
2026-06-24,S08V1,33,1947.0,1013
2026-06-24,S08V2,33,1947.0,1013
2026-06-24,S09V1,63,2072.7,1779
2026-06-24,S09V2,42,1381.8,1176
2026-06-24,S10V1,128,2931.2,3412
2026-06-24,S11V1,74,1472.6,1947
2026-06-24,S11V2,49,975.1,1308
2026-06-24,S12V1,20,980.0,590
2026-06-24,S12V2,14,686.0,392
2026-06-24,S13V1,59,2354.1,1538
2026-06-24,S13V2,39,1556.1,1006
2026-06-24,S14V1,16,1264.0,507
2026-06-24,S14V2,15,1185.0,478
2026-06-24,S15V1,108,2797.2,2537
2026-06-24,S16V1,34,1220.6,1085
2026-06-25,S01V1,576,33984.0,14608
2026-06-25,S01V2,471,27789.0,11944
2026-06-25,S03V1,402,31758.0,10781
2026-06-25,S03V2,216,17064.0,5804
2026-06-25,S04V1,352,10524.8,9715
2026-06-25,S04V2,235,7026.5,6481
2026-06-25,S05V1,76,3032.4,2378
2026-06-25,S05V2,51,2034.9,1581
2026-06-25,S06V1,78,3510.0,2045
2026-06-25,S07V1,62,4278.0,1773
2026-06-25,S07V2,42,2898.0,1191
2026-06-25,S08V1,33,1947.0,980
2026-06-25,S08V2,33,1947.0,980
2026-06-25,S09V1,59,1941.1,1720
2026-06-25,S09V2,40,1316.0,1136
2026-06-25,S10V1,122,2793.8,3290
2026-06-25,S11V1,64,1273.6,1883
2026-06-25,S11V2,42,835.8,1266
2026-06-25,S12V1,19,931.0,571
2026-06-25,S12V2,13,637.0,379
2026-06-25,S13V1,54,2154.6,1484
2026-06-25,S13V2,36,1436.4,970
2026-06-25,S14V1,17,1343.0,490
2026-06-25,S14V2,17,1343.0,461
2026-06-25,S15V1,94,2434.6,2443
2026-06-25,S16V1,35,1256.5,1050
2026-06-26,S01V1,537,31683.0,14071
2026-06-26,S01V2,440,25960.0,11504
2026-06-26,S03V1,378,29862.0,10403
2026-06-26,S03V2,203,16037.0,5601
2026-06-26,S04V1,335,10016.5,9380
2026-06-26,S04V2,223,6667.7,6258
2026-06-26,S05V1,88,3511.2,2290
2026-06-26,S05V2,58,2314.2,1523
2026-06-26,S06V1,74,3330.0,1971
2026-06-26,S07V1,60,4140.0,1713
2026-06-26,S07V2,40,2760.0,1151
2026-06-26,S08V1,38,2242.0,942
2026-06-26,S08V2,37,2183.0,943
2026-06-26,S09V1,58,1908.2,1662
2026-06-26,S09V2,39,1283.1,1097
2026-06-26,S10V1,124,2839.6,3166
2026-06-26,S11V1,65,1293.5,1818
2026-06-26,S11V2,43,855.7,1223
2026-06-26,S12V1,20,980.0,551
2026-06-26,S12V2,14,686.0,365
2026-06-26,S13V1,54,2154.6,1430
2026-06-26,S13V2,36,1436.4,934
2026-06-26,S14V1,16,1264.0,474
2026-06-26,S14V2,16,1264.0,445
2026-06-26,S15V1,91,2356.9,2352
2026-06-26,S16V1,35,1256.5,1015
2026-06-27,S01V1,612,36108.0,13459
2026-06-27,S01V2,501,29559.0,11003
2026-06-27,S03V1,426,33654.0,9977
2026-06-27,S03V2,229,18091.0,5372
2026-06-27,S04V1,440,13156.0,8940
2026-06-27,S04V2,294,8790.6,5964
2026-06-27,S05V1,94,3750.6,2196
2026-06-27,S05V2,63,2513.7,1460
2026-06-27,S06V1,79,3555.0,1892
2026-06-27,S07V1,88,6072.0,1625
2026-06-27,S07V2,58,4002.0,1093
2026-06-27,S08V1,39,2301.0,903
2026-06-27,S08V2,39,2301.0,904
2026-06-27,S09V1,74,2434.6,1588
2026-06-27,S09V2,49,1612.1,1048
2026-06-27,S10V1,144,3297.6,3022
2026-06-27,S11V1,77,1532.3,1741
2026-06-27,S11V2,52,1034.8,1171
2026-06-27,S12V1,25,1225.0,526
2026-06-27,S12V2,17,833.0,348
2026-06-27,S13V1,62,2473.8,1368
2026-06-27,S13V2,42,1675.8,892
2026-06-27,S14V1,18,1422.0,456
2026-06-27,S14V2,17,1343.0,428
2026-06-27,S15V1,102,2641.8,2250
2026-06-27,S16V1,40,1436.0,975
2026-06-28,S01V1,647,38173.0,12812
2026-06-28,S01V2,529,31211.0,10474
2026-06-28,S03V1,400,31600.0,9577
2026-06-28,S03V2,215,16985.0,5157
2026-06-28,S04V1,406,12139.4,8534
2026-06-28,S04V2,271,8102.9,5693
2026-06-28,S05V1,103,4109.7,2093
2026-06-28,S05V2,69,2753.1,1391
2026-06-28,S06V1,89,4005.0,1803
2026-06-28,S07V1,71,4899.0,1554
2026-06-28,S07V2,48,3312.0,1045
2026-06-28,S08V1,37,2183.0,866
2026-06-28,S08V2,37,2183.0,867
2026-06-28,S09V1,73,2401.7,1515
2026-06-28,S09V2,49,1612.1,999
2026-06-28,S10V1,140,3206.0,2882
2026-06-28,S11V1,85,1691.5,1656
2026-06-28,S11V2,56,1114.4,1115
2026-06-28,S12V1,22,1078.0,504
2026-06-28,S12V2,14,686.0,334
2026-06-28,S13V1,62,2473.8,1306
2026-06-28,S13V2,42,1675.8,850
2026-06-28,S14V1,18,1422.0,438
2026-06-28,S14V2,17,1343.0,411
2026-06-28,S15V1,90,2331.0,2160
2026-06-28,S16V1,38,1364.2,937
2026-06-29,S01V1,543,32037.0,12269
2026-06-29,S01V2,445,26255.0,10029
2026-06-29,S03V1,398,31442.0,9179
2026-06-29,S03V2,214,16906.0,4943
2026-06-29,S04V1,392,11720.8,8142
2026-06-29,S04V2,261,7803.9,5432
2026-06-29,S05V1,80,3192.0,2013
2026-06-29,S05V2,53,2114.7,1338
2026-06-29,S06V1,75,3375.0,1728
2026-06-29,S07V1,65,4485.0,1489
2026-06-29,S07V2,43,2967.0,1002
2026-06-29,S08V1,38,2242.0,828
2026-06-29,S08V2,37,2183.0,830
2026-06-29,S09V1,64,2105.6,1451
2026-06-29,S09V2,42,1381.8,957
2026-06-29,S10V1,117,2679.3,2765
2026-06-29,S11V1,77,1532.3,1579
2026-06-29,S11V2,51,1014.9,1064
2026-06-29,S12V1,20,980.0,484
2026-06-29,S12V2,14,686.0,320
2026-06-29,S13V1,50,1995.0,1256
2026-06-29,S13V2,34,1356.6,816
2026-06-29,S14V1,19,1501.0,419
2026-06-29,S14V2,19,1501.0,392
2026-06-29,S15V1,81,2097.9,2079
2026-06-29,S16V1,38,1364.2,899
2026-06-30,S01V1,490,28910.0,11779
2026-06-30,S01V2,400,23600.0,9629
2026-06-30,S03V1,378,29862.0,8801
2026-06-30,S03V2,204,16116.0,4739
2026-06-30,S04V1,318,9508.2,7824
2026-06-30,S04V2,212,6338.8,5220
2026-06-30,S05V1,81,3231.9,1932
2026-06-30,S05V2,54,2154.6,1284
2026-06-30,S06V1,75,3375.0,1653
2026-06-30,S07V1,61,4209.0,1428
2026-06-30,S07V2,40,2760.0,962
2026-06-30,S08V1,35,2065.0,793
2026-06-30,S08V2,34,2006.0,796
2026-06-30,S09V1,63,2072.7,1388
2026-06-30,S09V2,42,1381.8,915
2026-06-30,S10V1,124,2839.6,2641
2026-06-30,S11V1,70,1393.0,1509
2026-06-30,S11V2,46,915.4,1018
2026-06-30,S12V1,20,980.0,464
2026-06-30,S12V2,14,686.0,306
2026-06-30,S13V1,54,2154.6,1202
2026-06-30,S13V2,36,1436.4,780
2026-06-30,S14V1,15,1185.0,404
2026-06-30,S14V2,15,1185.0,377
2026-06-30,S15V1,90,2331.0,1989
2026-06-30,S16V1,38,1364.2,861
2026-07-01,S01V1,513,30267.0,11266
2026-07-01,S01V2,419,24721.0,9210
2026-07-01,S03V1,419,33101.0,8382
2026-07-01,S03V2,225,17775.0,4514
2026-07-01,S04V1,354,10584.6,7470
2026-07-01,S04V2,236,7056.4,4984
2026-07-01,S05V1,81,3231.9,1851
2026-07-01,S05V2,54,2154.6,1230
2026-07-01,S06V1,76,3420.0,1577
2026-07-01,S07V1,64,4416.0,1364
2026-07-01,S07V2,43,2967.0,919
2026-07-01,S08V1,35,2065.0,758
2026-07-01,S08V2,35,2065.0,761
2026-07-01,S09V1,54,1776.6,1334
2026-07-01,S09V2,36,1184.4,879
2026-07-01,S10V1,118,2702.2,2523
2026-07-01,S11V1,70,1393.0,1439
2026-07-01,S11V2,46,915.4,972
2026-07-01,S12V1,22,1078.0,442
2026-07-01,S12V2,14,686.0,292
2026-07-01,S13V1,58,2314.2,1144
2026-07-01,S13V2,38,1516.2,742
2026-07-01,S14V1,17,1343.0,387
2026-07-01,S14V2,17,1343.0,360
2026-07-01,S15V1,95,2460.5,1894
2026-07-01,S16V1,36,1292.4,825
2026-07-02,S01V1,493,29087.0,10773
2026-07-02,S01V2,403,23777.0,8807
2026-07-02,S03V1,389,30731.0,7993
2026-07-02,S03V2,210,16590.0,4304
2026-07-02,S04V1,370,11063.0,7100
2026-07-02,S04V2,246,7355.4,4738
2026-07-02,S05V1,86,3431.4,1765
2026-07-02,S05V2,58,2314.2,1172
2026-07-02,S06V1,76,3420.0,1501
2026-07-02,S07V1,55,3795.0,1309
2026-07-02,S07V2,37,2553.0,882
2026-07-02,S08V1,31,1829.0,727
2026-07-02,S08V2,31,1829.0,730
2026-07-02,S09V1,58,1908.2,1276
2026-07-02,S09V2,39,1283.1,840
2026-07-02,S10V1,128,2931.2,2395
2026-07-02,S11V1,67,1333.3,1372
2026-07-02,S11V2,45,895.5,927
2026-07-02,S12V1,19,931.0,423
2026-07-02,S12V2,12,588.0,280
2026-07-02,S13V1,55,2194.5,1089
2026-07-02,S13V2,37,1476.3,705
2026-07-02,S14V1,16,1264.0,371
2026-07-02,S14V2,16,1264.0,344
2026-07-02,S15V1,90,2331.0,1804
2026-07-02,S16V1,42,1507.8,783
2026-07-03,S01V1,518,30562.0,10255
2026-07-03,S01V2,423,24957.0,8384
2026-07-03,S03V1,426,33654.0,7567
2026-07-03,S03V2,230,18170.0,4074
2026-07-03,S04V1,337,10076.3,6763
2026-07-03,S04V2,225,6727.5,4513
2026-07-03,S05V1,86,3431.4,1679
2026-07-03,S05V2,58,2314.2,1114
2026-07-03,S06V1,75,3375.0,1426
2026-07-03,S07V1,59,4071.0,1250
2026-07-03,S07V2,39,2691.0,843
2026-07-03,S08V1,37,2183.0,690
2026-07-03,S08V2,36,2124.0,694
2026-07-03,S09V1,71,2335.9,1205
2026-07-03,S09V2,47,1546.3,793
2026-07-03,S10V1,122,2793.8,2273
2026-07-03,S11V1,70,1393.0,1302
2026-07-03,S11V2,47,935.3,880
2026-07-03,S12V1,21,1029.0,402
2026-07-03,S12V2,14,686.0,266
2026-07-03,S13V1,54,2154.6,1035
2026-07-03,S13V2,36,1436.4,669
2026-07-03,S14V1,18,1422.0,353
2026-07-03,S14V2,17,1343.0,327
2026-07-03,S15V1,98,2538.2,1706
2026-07-03,S16V1,38,1364.2,745
2026-07-04,S01V1,655,38645.0,9600
2026-07-04,S01V2,535,31565.0,7849
2026-07-04,S03V1,410,32390.0,7157
2026-07-04,S03V2,220,17380.0,3854
2026-07-04,S04V1,378,11302.2,6385
2026-07-04,S04V2,252,7534.8,4261
2026-07-04,S05V1,95,3790.5,1584
2026-07-04,S05V2,64,2553.6,1050
2026-07-04,S06V1,81,3645.0,1345
2026-07-04,S07V1,80,5520.0,1170
2026-07-04,S07V2,53,3657.0,790
2026-07-04,S08V1,37,2183.0,653
2026-07-04,S08V2,37,2183.0,657
2026-07-04,S09V1,68,2237.2,1137
2026-07-04,S09V2,45,1480.5,748
2026-07-04,S10V1,132,3022.8,2141
2026-07-04,S11V1,78,1552.2,1224
2026-07-04,S11V2,52,1034.8,828
2026-07-04,S12V1,23,1127.0,379
2026-07-04,S12V2,15,735.0,251
2026-07-04,S13V1,61,2433.9,974
2026-07-04,S13V2,40,1596.0,629
2026-07-04,S14V1,18,1422.0,335
2026-07-04,S14V2,17,1343.0,310
2026-07-04,S15V1,105,2719.5,1601
2026-07-04,S16V1,46,1651.4,699
2026-07-05,S01V1,579,34161.0,9021
2026-07-05,S01V2,474,27966.0,7375
2026-07-05,S03V1,421,33259.0,6736
2026-07-05,S03V2,226,17854.0,3628
2026-07-05,S04V1,364,10883.6,6021
2026-07-05,S04V2,242,7235.8,4019
2026-07-05,S05V1,93,3710.7,1491
2026-07-05,S05V2,62,2473.8,988
2026-07-05,S06V1,80,3600.0,1265
2026-07-05,S07V1,79,5451.0,1091
2026-07-05,S07V2,52,3588.0,738
2026-07-05,S08V1,39,2301.0,614
2026-07-05,S08V2,39,2301.0,618
2026-07-05,S09V1,67,2204.3,1070
2026-07-05,S09V2,45,1480.5,703
2026-07-05,S10V1,141,3228.9,2000
2026-07-05,S11V1,78,1552.2,1146
2026-07-05,S11V2,52,1034.8,776
2026-07-05,S12V1,25,1225.0,354
2026-07-05,S12V2,17,833.0,234
2026-07-05,S13V1,64,2553.6,910
2026-07-05,S13V2,43,1715.7,586
2026-07-05,S14V1,19,1501.0,316
2026-07-05,S14V2,18,1422.0,292
2026-07-05,S15V1,101,2615.9,1500
2026-07-05,S16V1,46,1651.4,653
2026-07-06,S01V1,563,33217.0,8458
2026-07-06,S01V2,460,27140.0,6915
2026-07-06,S03V1,403,31837.0,6333
2026-07-06,S03V2,217,17143.0,3411
2026-07-06,S04V1,394,11780.6,5627
2026-07-06,S04V2,262,7833.8,3757
2026-07-06,S05V1,80,3192.0,1411
2026-07-06,S05V2,53,2114.7,935
2026-07-06,S06V1,70,3150.0,1195
2026-07-06,S07V1,71,4899.0,1020
2026-07-06,S07V2,47,3243.0,691
2026-07-06,S08V1,35,2065.0,579
2026-07-06,S08V2,34,2006.0,584
2026-07-06,S09V1,58,1908.2,1012
2026-07-06,S09V2,39,1283.1,664
2026-07-06,S10V1,138,3160.2,1862
2026-07-06,S11V1,67,1333.3,1079
2026-07-06,S11V2,44,875.6,732
2026-07-06,S12V1,22,1078.0,332
2026-07-06,S12V2,15,735.0,219
2026-07-06,S13V1,58,2314.2,852
2026-07-06,S13V2,38,1516.2,548
2026-07-06,S14V1,17,1343.0,299
2026-07-06,S14V2,17,1343.0,275
2026-07-06,S15V1,95,2460.5,1405
2026-07-06,S16V1,40,1436.0,613
2026-07-07,S01V1,490,28910.0,24258
2026-07-07,S01V2,400,23600.0,19835
2026-07-07,S03V1,410,32390.0,17878
2026-07-07,S03V2,220,17380.0,9626
2026-07-07,S04V1,315,9418.5,16037
2026-07-07,S04V2,210,6279.0,10702
2026-07-07,S05V1,77,3072.3,1334
2026-07-07,S05V2,52,2074.8,883
2026-07-07,S06V1,74,3330.0,3386
2026-07-07,S07V1,62,4278.0,2923
2026-07-07,S07V2,41,2829.0,1970
2026-07-07,S08V1,34,2006.0,545
2026-07-07,S08V2,34,2006.0,550
2026-07-07,S09V1,69,2270.1,2848
2026-07-07,S09V2,46,1513.4,1878
2026-07-07,S10V1,108,2473.2,5414
2026-07-07,S11V1,70,1393.0,3109
2026-07-07,S11V2,46,915.4,2096
2026-07-07,S12V1,18,882.0,944
2026-07-07,S12V2,12,588.0,627
2026-07-07,S13V1,56,2234.4,2446
2026-07-07,S13V2,38,1516.2,1590
2026-07-07,S14V1,16,1264.0,283
2026-07-07,S14V2,16,1264.0,259
2026-07-07,S15V1,91,2356.9,4044
2026-07-07,S16V1,32,1148.8,581
2026-07-08,S01V1,568,33512.0,23690
2026-07-08,S01V2,465,27435.0,19370
2026-07-08,S03V1,388,30652.0,17490
2026-07-08,S03V2,209,16511.0,9417
2026-07-08,S04V1,354,10584.6,15683
2026-07-08,S04V2,236,7056.4,10466
2026-07-08,S05V1,89,3551.1,3885
2026-07-08,S05V2,59,2354.1,2579
2026-07-08,S06V1,68,3060.0,3318
2026-07-08,S07V1,57,3933.0,2866
2026-07-08,S07V2,38,2622.0,1932
2026-07-08,S08V1,37,2183.0,1588
2026-07-08,S08V2,36,2124.0,1594
2026-07-08,S09V1,62,2039.8,2786
2026-07-08,S09V2,42,1381.8,1836
2026-07-08,S10V1,123,2816.7,5291
2026-07-08,S11V1,67,1333.3,3042
2026-07-08,S11V2,44,875.6,2052
2026-07-08,S12V1,19,931.0,925
2026-07-08,S12V2,13,637.0,614
2026-07-08,S13V1,57,2274.3,2389
2026-07-08,S13V2,38,1516.2,1552
2026-07-08,S14V1,19,1501.0,804
2026-07-08,S14V2,18,1422.0,751
2026-07-08,S15V1,94,2434.6,3950
2026-07-08,S16V1,35,1256.5,1701
2026-07-09,S01V1,513,30267.0,23177
2026-07-09,S01V2,419,24721.0,18951
2026-07-09,S03V1,404,31916.0,17086
2026-07-09,S03V2,217,17143.0,9200
2026-07-09,S04V1,328,9807.2,15355
2026-07-09,S04V2,218,6518.2,10248
2026-07-09,S05V1,81,3231.9,3804
2026-07-09,S05V2,54,2154.6,2525
2026-07-09,S06V1,70,3150.0,3248
2026-07-09,S07V1,61,4209.0,2805
2026-07-09,S07V2,40,2760.0,1892
2026-07-09,S08V1,35,2065.0,1553
2026-07-09,S08V2,35,2065.0,1559
2026-07-09,S09V1,70,2303.0,2716
2026-07-09,S09V2,46,1513.4,1790
2026-07-09,S10V1,105,2404.5,5186
2026-07-09,S11V1,74,1472.6,2968
2026-07-09,S11V2,50,995.0,2002
2026-07-09,S12V1,22,1078.0,903
2026-07-09,S12V2,14,686.0,600
2026-07-09,S13V1,52,2074.8,2337
2026-07-09,S13V2,34,1356.6,1518
2026-07-09,S14V1,16,1264.0,788
2026-07-09,S14V2,15,1185.0,736
2026-07-09,S15V1,95,2460.5,3855
2026-07-09,S16V1,42,1507.8,1659
2026-07-10,S01V1,480,28320.0,22697
2026-07-10,S01V2,392,23128.0,18559
2026-07-10,S03V1,391,30889.0,16695
2026-07-10,S03V2,211,16669.0,8989
2026-07-10,S04V1,364,10883.6,14991
2026-07-10,S04V2,242,7235.8,10006
2026-07-10,S05V1,82,3271.8,3722
2026-07-10,S05V2,54,2154.6,2471
2026-07-10,S06V1,75,3375.0,3173
2026-07-10,S07V1,64,4416.0,2741
2026-07-10,S07V2,42,2898.0,1850
2026-07-10,S08V1,37,2183.0,1516
2026-07-10,S08V2,36,2124.0,1523
2026-07-10,S09V1,67,2204.3,2649
2026-07-10,S09V2,44,1447.6,1746
2026-07-10,S10V1,126,2885.4,5060
2026-07-10,S11V1,73,1452.7,2895
2026-07-10,S11V2,49,975.1,1953
2026-07-10,S12V1,21,1029.0,882
2026-07-10,S12V2,14,686.0,586
2026-07-10,S13V1,54,2154.6,2283
2026-07-10,S13V2,36,1436.4,1482
2026-07-10,S14V1,16,1264.0,772
2026-07-10,S14V2,16,1264.0,720
2026-07-10,S15V1,88,2279.2,3767
2026-07-10,S16V1,38,1364.2,1621
2026-07-11,S01V1,598,35282.0,22099
2026-07-11,S01V2,490,28910.0,18069
2026-07-11,S03V1,430,33970.0,16265
2026-07-11,S03V2,232,18328.0,8757
2026-07-11,S04V1,406,12139.4,14585
2026-07-11,S04V2,271,8102.9,9735
2026-07-11,S05V1,103,4109.7,3619
2026-07-11,S05V2,69,2753.1,2402
2026-07-11,S06V1,85,3825.0,3088
2026-07-11,S07V1,76,5244.0,2665
2026-07-11,S07V2,50,3450.0,1800
2026-07-11,S08V1,37,2183.0,1479
2026-07-11,S08V2,37,2183.0,1486
2026-07-11,S09V1,69,2270.1,2580
2026-07-11,S09V2,46,1513.4,1700
2026-07-11,S10V1,135,3091.5,4925
2026-07-11,S11V1,85,1691.5,2810
2026-07-11,S11V2,57,1134.3,1896
2026-07-11,S12V1,19,931.0,863
2026-07-11,S12V2,13,637.0,573
2026-07-11,S13V1,68,2713.2,2215
2026-07-11,S13V2,46,1835.4,1436
2026-07-11,S14V1,16,1264.0,756
2026-07-11,S14V2,16,1264.0,704
2026-07-11,S15V1,88,2279.2,3679
2026-07-11,S16V1,42,1507.8,1579
2026-07-12,S01V1,608,35872.0,21491
2026-07-12,S01V2,497,29323.0,17572
2026-07-12,S03V1,406,32074.0,15859
2026-07-12,S03V2,219,17301.0,8538
2026-07-12,S04V1,392,11720.8,14193
2026-07-12,S04V2,262,7833.8,9473
2026-07-12,S05V1,97,3870.3,3522
2026-07-12,S05V2,64,2553.6,2338
2026-07-12,S06V1,76,3420.0,3012
2026-07-12,S07V1,72,4968.0,2593
2026-07-12,S07V2,48,3312.0,1752
2026-07-12,S08V1,38,2242.0,1441
2026-07-12,S08V2,37,2183.0,1449
2026-07-12,S09V1,78,2566.2,2502
2026-07-12,S09V2,52,1710.8,1648
2026-07-12,S10V1,153,3503.7,4772
2026-07-12,S11V1,70,1393.0,2740
2026-07-12,S11V2,46,915.4,1850
2026-07-12,S12V1,23,1127.0,840
2026-07-12,S12V2,15,735.0,558
2026-07-12,S13V1,66,2633.4,2149
2026-07-12,S13V2,44,1755.6,1392
2026-07-12,S14V1,20,1580.0,736
2026-07-12,S14V2,20,1580.0,684
2026-07-12,S15V1,106,2745.4,3573
2026-07-12,S16V1,40,1436.0,1539
2026-07-13,S01V1,512,30208.0,20979
2026-07-13,S01V2,418,24662.0,17154
2026-07-13,S03V1,385,30415.0,15474
2026-07-13,S03V2,208,16432.0,8330
2026-07-13,S04V1,366,10943.4,13827
2026-07-13,S04V2,244,7295.6,9229
2026-07-13,S05V1,93,3710.7,3429
2026-07-13,S05V2,62,2473.8,2276
2026-07-13,S06V1,75,3375.0,2937
2026-07-13,S07V1,72,4968.0,2521
2026-07-13,S07V2,48,3312.0,1704
2026-07-13,S08V1,32,1888.0,1409
2026-07-13,S08V2,32,1888.0,1417
2026-07-13,S09V1,67,2204.3,2435
2026-07-13,S09V2,44,1447.6,1604
2026-07-13,S10V1,122,2793.8,4650
2026-07-13,S11V1,68,1353.2,2672
2026-07-13,S11V2,46,915.4,1804
2026-07-13,S12V1,19,931.0,821
2026-07-13,S12V2,12,588.0,546
2026-07-13,S13V1,50,1995.0,2099
2026-07-13,S13V2,34,1356.6,1358
2026-07-13,S14V1,16,1264.0,720
2026-07-13,S14V2,16,1264.0,668
2026-07-13,S15V1,90,2331.0,3483
2026-07-13,S16V1,34,1220.6,1505
2026-07-14,S01V1,512,30208.0,20467
2026-07-14,S01V2,419,24721.0,16735
2026-07-14,S03V1,385,30415.0,15089
2026-07-14,S03V2,208,16432.0,8122
2026-07-14,S04V1,362,10823.8,13465
2026-07-14,S04V2,241,7205.9,8988
2026-07-14,S05V1,88,3511.2,3341
2026-07-14,S05V2,58,2314.2,2218
2026-07-14,S06V1,76,3420.0,2861
2026-07-14,S07V1,72,4968.0,2449
2026-07-14,S07V2,48,3312.0,1656
2026-07-14,S08V1,36,2124.0,1373
2026-07-14,S08V2,36,2124.0,1381
2026-07-14,S09V1,62,2039.8,2373
2026-07-14,S09V2,42,1381.8,1562
2026-07-14,S10V1,120,2748.0,4530
2026-07-14,S11V1,64,1273.6,2608
2026-07-14,S11V2,42,835.8,1762
2026-07-14,S12V1,20,980.0,801
2026-07-14,S12V2,14,686.0,532
2026-07-14,S13V1,60,2394.0,2039
2026-07-14,S13V2,40,1596.0,1318
2026-07-14,S14V1,18,1422.0,702
2026-07-14,S14V2,17,1343.0,651
2026-07-14,S15V1,95,2460.5,3388
2026-07-14,S16V1,34,1220.6,1471
2026-07-15,S01V1,533,31447.0,19934
2026-07-15,S01V2,436,25724.0,16299
2026-07-15,S03V1,432,34128.0,14657
2026-07-15,S03V2,232,18328.0,7890
2026-07-15,S04V1,320,9568.0,13145
2026-07-15,S04V2,213,6368.7,8775
2026-07-15,S05V1,100,3990.0,3241
2026-07-15,S05V2,66,2633.4,2152
2026-07-15,S06V1,75,3375.0,2786
2026-07-15,S07V1,65,4485.0,2384
2026-07-15,S07V2,43,2967.0,1613
2026-07-15,S08V1,34,2006.0,1339
2026-07-15,S08V2,34,2006.0,1347
2026-07-15,S09V1,57,1875.3,2316
2026-07-15,S09V2,38,1250.2,1524
2026-07-15,S10V1,120,2748.0,4410
2026-07-15,S11V1,68,1353.2,2540
2026-07-15,S11V2,46,915.4,1716
2026-07-15,S12V1,20,980.0,781
2026-07-15,S12V2,14,686.0,518
2026-07-15,S13V1,58,2314.2,1981
2026-07-15,S13V2,38,1516.2,1280
2026-07-15,S14V1,18,1422.0,684
2026-07-15,S14V2,18,1422.0,633
2026-07-15,S15V1,84,2175.6,3304
2026-07-15,S16V1,35,1256.5,1436
2026-07-16,S01V1,508,29972.0,19426
2026-07-16,S01V2,415,24485.0,15884
2026-07-16,S03V1,411,32469.0,14246
2026-07-16,S03V2,221,17459.0,7669
2026-07-16,S04V1,352,10524.8,12793
2026-07-16,S04V2,234,6996.6,8541
2026-07-16,S05V1,86,3431.4,3155
2026-07-16,S05V2,58,2314.2,2094
2026-07-16,S06V1,74,3330.0,2712
2026-07-16,S07V1,69,4761.0,2315
2026-07-16,S07V2,46,3174.0,1567
2026-07-16,S08V1,39,2301.0,1300
2026-07-16,S08V2,38,2242.0,1309
2026-07-16,S09V1,65,2138.5,2251
2026-07-16,S09V2,44,1447.6,1480
2026-07-16,S10V1,116,2656.4,4294
2026-07-16,S11V1,72,1432.8,2468
2026-07-16,S11V2,48,955.2,1668
2026-07-16,S12V1,19,931.0,762
2026-07-16,S12V2,13,637.0,505
2026-07-16,S13V1,58,2314.2,1923
2026-07-16,S13V2,38,1516.2,1242
2026-07-16,S14V1,18,1422.0,666
2026-07-16,S14V2,17,1343.0,616
2026-07-16,S15V1,98,2538.2,3206
2026-07-16,S16V1,36,1292.4,1400
2026-07-17,S01V1,523,30857.0,18903
2026-07-17,S01V2,428,25252.0,15456
2026-07-17,S03V1,367,28993.0,13879
2026-07-17,S03V2,197,15563.0,7472
2026-07-17,S04V1,384,11481.6,12409
2026-07-17,S04V2,256,7654.4,8285
2026-07-17,S05V1,88,3511.2,3067
2026-07-17,S05V2,58,2314.2,2036
2026-07-17,S06V1,68,3060.0,2644
2026-07-17,S07V1,70,4830.0,2245
2026-07-17,S07V2,46,3174.0,1521
2026-07-17,S08V1,33,1947.0,1267
2026-07-17,S08V2,32,1888.0,1277
2026-07-17,S09V1,59,1941.1,2192
2026-07-17,S09V2,40,1316.0,1440
2026-07-17,S10V1,120,2748.0,4174
2026-07-17,S11V1,72,1432.8,2396
2026-07-17,S11V2,48,955.2,1620
2026-07-17,S12V1,20,980.0,742
2026-07-17,S12V2,14,686.0,491
2026-07-17,S13V1,58,2314.2,1865
2026-07-17,S13V2,38,1516.2,1204
2026-07-17,S14V1,19,1501.0,647
2026-07-17,S14V2,18,1422.0,598
2026-07-17,S15V1,83,2149.7,3123
2026-07-17,S16V1,38,1364.2,1362
2026-07-18,S01V1,624,36816.0,18279
2026-07-18,S01V2,511,30149.0,14945
2026-07-18,S03V1,404,31916.0,13475
2026-07-18,S03V2,217,17143.0,7255
2026-07-18,S04V1,361,10793.9,12048
2026-07-18,S04V2,241,7205.9,8044
2026-07-18,S05V1,94,3750.6,2973
2026-07-18,S05V2,62,2473.8,1974
2026-07-18,S06V1,81,3645.0,2563
2026-07-18,S07V1,70,4830.0,2175
2026-07-18,S07V2,46,3174.0,1475
2026-07-18,S08V1,40,2360.0,1227
2026-07-18,S08V2,39,2301.0,1238
2026-07-18,S09V1,71,2335.9,2121
2026-07-18,S09V2,47,1546.3,1393
2026-07-18,S10V1,135,3091.5,4039
2026-07-18,S11V1,80,1592.0,2316
2026-07-18,S11V2,54,1074.6,1566
2026-07-18,S12V1,22,1078.0,720
2026-07-18,S12V2,15,735.0,476
2026-07-18,S13V1,60,2394.0,1805
2026-07-18,S13V2,40,1596.0,1164
2026-07-18,S14V1,19,1501.0,628
2026-07-18,S14V2,18,1422.0,580
2026-07-18,S15V1,99,2564.1,3024
2026-07-18,S16V1,44,1579.6,1318
2026-07-19,S01V1,645,38055.0,17634
2026-07-19,S01V2,528,31152.0,14417
2026-07-19,S03V1,432,34128.0,13043
2026-07-19,S03V2,232,18328.0,7023
2026-07-19,S04V1,414,12378.6,11634
2026-07-19,S04V2,276,8252.4,7768
2026-07-19,S05V1,94,3750.6,2879
2026-07-19,S05V2,62,2473.8,1912
2026-07-19,S06V1,90,4050.0,2473
2026-07-19,S07V1,75,5175.0,2100
2026-07-19,S07V2,50,3450.0,1425
2026-07-19,S08V1,41,2419.0,1186
2026-07-19,S08V2,40,2360.0,1198
2026-07-19,S09V1,59,1941.1,2062
2026-07-19,S09V2,40,1316.0,1353
2026-07-19,S10V1,132,3022.8,3907
2026-07-19,S11V1,83,1651.7,2233
2026-07-19,S11V2,55,1094.5,1511
2026-07-19,S12V1,21,1029.0,699
2026-07-19,S12V2,14,686.0,462
2026-07-19,S13V1,63,2513.7,1742
2026-07-19,S13V2,42,1675.8,1122
2026-07-19,S14V1,18,1422.0,610
2026-07-19,S14V2,18,1422.0,562
2026-07-19,S15V1,101,2615.9,2923
2026-07-19,S16V1,39,1400.1,1279
2026-07-20,S01V1,543,32037.0,17091
2026-07-20,S01V2,445,26255.0,13972
2026-07-20,S03V1,402,31758.0,12641
2026-07-20,S03V2,217,17143.0,6806
2026-07-20,S04V1,352,10524.8,11282
2026-07-20,S04V2,234,6996.6,7534
2026-07-20,S05V1,92,3670.8,2787
2026-07-20,S05V2,61,2433.9,1851
2026-07-20,S06V1,76,3420.0,2397
2026-07-20,S07V1,65,4485.0,2035
2026-07-20,S07V2,43,2967.0,1382
2026-07-20,S08V1,33,1947.0,1153
2026-07-20,S08V2,32,1888.0,1166
2026-07-20,S09V1,61,2006.9,2001
2026-07-20,S09V2,40,1316.0,1313
2026-07-20,S10V1,112,2564.8,3795
2026-07-20,S11V1,61,1213.9,2172
2026-07-20,S11V2,41,815.9,1470
2026-07-20,S12V1,19,931.0,680
2026-07-20,S12V2,12,588.0,450
2026-07-20,S13V1,55,2194.5,1687
2026-07-20,S13V2,36,1436.4,1086
2026-07-20,S14V1,16,1264.0,594
2026-07-20,S14V2,16,1264.0,546
2026-07-20,S15V1,92,2382.8,2831
2026-07-20,S16V1,39,1400.1,1240
2026-07-21,S01V1,512,30208.0,16579
2026-07-21,S01V2,419,24721.0,13553
2026-07-21,S03V1,376,29704.0,12265
2026-07-21,S03V2,202,15958.0,6604
2026-07-21,S04V1,368,11003.2,10914
2026-07-21,S04V2,245,7325.5,7289
2026-07-21,S05V1,80,3192.0,2707
2026-07-21,S05V2,53,2114.7,1798
2026-07-21,S06V1,76,3420.0,2321
2026-07-21,S07V1,60,4140.0,1975
2026-07-21,S07V2,40,2760.0,1342
2026-07-21,S08V1,34,2006.0,1119
2026-07-21,S08V2,34,2006.0,1132
2026-07-21,S09V1,71,2335.9,1930
2026-07-21,S09V2,48,1579.2,1265
2026-07-21,S10V1,123,2816.7,3672
2026-07-21,S11V1,70,1393.0,2102
2026-07-21,S11V2,47,935.3,1423
2026-07-21,S12V1,20,980.0,660
2026-07-21,S12V2,14,686.0,436
2026-07-21,S13V1,55,2194.5,1632
2026-07-21,S13V2,36,1436.4,1050
2026-07-21,S14V1,18,1422.0,576
2026-07-21,S14V2,18,1422.0,528
2026-07-21,S15V1,88,2279.2,2743
2026-07-21,S16V1,40,1436.0,1200
2026-07-22,S01V1,574,33866.0,16005
2026-07-22,S01V2,469,27671.0,13084
2026-07-22,S03V1,405,31995.0,11860
2026-07-22,S03V2,218,17222.0,6386
2026-07-22,S04V1,325,9717.5,10589
2026-07-22,S04V2,217,6488.3,7072
2026-07-22,S05V1,84,3351.6,2623
2026-07-22,S05V2,56,2234.4,1742
2026-07-22,S06V1,69,3105.0,2252
2026-07-22,S07V1,70,4830.0,1905
2026-07-22,S07V2,46,3174.0,1296
2026-07-22,S08V1,36,2124.0,1083
2026-07-22,S08V2,36,2124.0,1096
2026-07-22,S09V1,70,2303.0,1860
2026-07-22,S09V2,46,1513.4,1219
2026-07-22,S10V1,122,2793.8,3550
2026-07-22,S11V1,64,1273.6,2038
2026-07-22,S11V2,42,835.8,1381
2026-07-22,S12V1,21,1029.0,639
2026-07-22,S12V2,14,686.0,422
2026-07-22,S13V1,58,2314.2,1574
2026-07-22,S13V2,38,1516.2,1012
2026-07-22,S14V1,18,1422.0,558
2026-07-22,S14V2,17,1343.0,511
2026-07-22,S15V1,88,2279.2,2655
2026-07-22,S16V1,36,1292.4,1164
2026-07-23,S01V1,547,32273.0,15458
2026-07-23,S01V2,448,26432.0,12636
2026-07-23,S03V1,392,30968.0,11468
2026-07-23,S03V2,211,16669.0,6175
2026-07-23,S04V1,355,10614.5,10234
2026-07-23,S04V2,237,7086.3,6835
2026-07-23,S05V1,83,3311.7,2540
2026-07-23,S05V2,55,2194.5,1687
2026-07-23,S06V1,78,3510.0,2174
2026-07-23,S07V1,65,4485.0,1840
2026-07-23,S07V2,44,3036.0,1252
2026-07-23,S08V1,37,2183.0,1046
2026-07-23,S08V2,36,2124.0,1060
2026-07-23,S09V1,59,1941.1,1801
2026-07-23,S09V2,39,1283.1,1180
2026-07-23,S10V1,111,2541.9,3439
2026-07-23,S11V1,67,1333.3,1971
2026-07-23,S11V2,45,895.5,1336
2026-07-23,S12V1,21,1029.0,618
2026-07-23,S12V2,14,686.0,408
2026-07-23,S13V1,61,2433.9,1513
2026-07-23,S13V2,40,1596.0,972
2026-07-23,S14V1,16,1264.0,542
2026-07-23,S14V2,15,1185.0,496
2026-07-23,S15V1,83,2149.7,2572
2026-07-23,S16V1,34,1220.6,1130
2026-07-24,S01V1,554,32686.0,14904
2026-07-24,S01V2,454,26786.0,12182
2026-07-24,S03V1,422,33338.0,11046
2026-07-24,S03V2,227,17933.0,5948
2026-07-24,S04V1,323,9657.7,9911
2026-07-24,S04V2,215,6428.5,6620
2026-07-24,S05V1,81,3231.9,2459
2026-07-24,S05V2,54,2154.6,1633
2026-07-24,S06V1,72,3240.0,2102
2026-07-24,S07V1,62,4278.0,1778
2026-07-24,S07V2,41,2829.0,1211
2026-07-24,S08V1,34,2006.0,1012
2026-07-24,S08V2,34,2006.0,1026
2026-07-24,S09V1,65,2138.5,1736
2026-07-24,S09V2,43,1414.7,1137
2026-07-24,S10V1,126,2885.4,3313
2026-07-24,S11V1,70,1393.0,1901
2026-07-24,S11V2,46,915.4,1290
2026-07-24,S12V1,20,980.0,598
2026-07-24,S12V2,14,686.0,394
2026-07-24,S13V1,54,2154.6,1459
2026-07-24,S13V2,36,1436.4,936
2026-07-24,S14V1,17,1343.0,525
2026-07-24,S14V2,17,1343.0,479
2026-07-24,S15V1,85,2201.5,2487
2026-07-24,S16V1,36,1292.4,1094
2026-07-25,S01V1,585,34515.0,14319
2026-07-25,S01V2,478,28202.0,11704
2026-07-25,S03V1,467,36893.0,10579
2026-07-25,S03V2,252,19908.0,5696
2026-07-25,S04V1,467,13963.3,9444
2026-07-25,S04V2,311,9298.9,6309
2026-07-25,S05V1,92,3670.8,2367
2026-07-25,S05V2,61,2433.9,1572
2026-07-25,S06V1,85,3825.0,2017
2026-07-25,S07V1,70,4830.0,1708
2026-07-25,S07V2,46,3174.0,1165
2026-07-25,S08V1,35,2065.0,977
2026-07-25,S08V2,34,2006.0,992
2026-07-25,S09V1,73,2401.7,1663
2026-07-25,S09V2,49,1612.1,1088
2026-07-25,S10V1,142,3251.8,3171
2026-07-25,S11V1,81,1611.9,1820
2026-07-25,S11V2,54,1074.6,1236
2026-07-25,S12V1,24,1176.0,574
2026-07-25,S12V2,16,784.0,378
2026-07-25,S13V1,65,2593.5,1394
2026-07-25,S13V2,44,1755.6,892
2026-07-25,S14V1,16,1264.0,509
2026-07-25,S14V2,16,1264.0,463
2026-07-25,S15V1,90,2331.0,2397
2026-07-25,S16V1,39,1400.1,1055
2026-07-26,S01V1,593,34987.0,13726
2026-07-26,S01V2,486,28674.0,11218
2026-07-26,S03V1,447,35313.0,10132
2026-07-26,S03V2,241,19039.0,5455
2026-07-26,S04V1,376,11242.4,9068
2026-07-26,S04V2,251,7504.9,6058
2026-07-26,S05V1,85,3391.5,2282
2026-07-26,S05V2,57,2274.3,1515
2026-07-26,S06V1,80,3600.0,1937
2026-07-26,S07V1,69,4761.0,1639
2026-07-26,S07V2,46,3174.0,1119
2026-07-26,S08V1,41,2419.0,936
2026-07-26,S08V2,40,2360.0,952
2026-07-26,S09V1,71,2335.9,1592
2026-07-26,S09V2,47,1546.3,1041
2026-07-26,S10V1,130,2977.0,3041
2026-07-26,S11V1,76,1512.4,1744
2026-07-26,S11V2,50,995.0,1186
2026-07-26,S12V1,23,1127.0,551
2026-07-26,S12V2,15,735.0,363
2026-07-26,S13V1,65,2593.5,1329
2026-07-26,S13V2,43,1715.7,849
2026-07-26,S14V1,20,1580.0,489
2026-07-26,S14V2,20,1580.0,443
2026-07-26,S15V1,108,2797.2,2289
2026-07-26,S16V1,39,1400.1,1016
2026-07-27,S01V1,518,30562.0,13208
2026-07-27,S01V2,424,25016.0,10794
2026-07-27,S03V1,368,29072.0,9764
2026-07-27,S03V2,198,15642.0,5257
2026-07-27,S04V1,349,10435.1,8719
2026-07-27,S04V2,232,6936.8,5826
2026-07-27,S05V1,95,3790.5,2187
2026-07-27,S05V2,64,2553.6,1451
2026-07-27,S06V1,74,3330.0,1863
2026-07-27,S07V1,67,4623.0,1572
2026-07-27,S07V2,45,3105.0,1074
2026-07-27,S08V1,32,1888.0,904
2026-07-27,S08V2,32,1888.0,920
2026-07-27,S09V1,62,2039.8,1530
2026-07-27,S09V2,42,1381.8,999
2026-07-27,S10V1,135,3091.5,2906
2026-07-27,S11V1,66,1313.4,1678
2026-07-27,S11V2,44,875.6,1142
2026-07-27,S12V1,22,1078.0,529
2026-07-27,S12V2,14,686.0,349
2026-07-27,S13V1,57,2274.3,1272
2026-07-27,S13V2,38,1516.2,811
2026-07-27,S14V1,15,1185.0,474
2026-07-27,S14V2,15,1185.0,428
2026-07-27,S15V1,98,2538.2,2191
2026-07-27,S16V1,35,1256.5,981
2026-07-28,S01V1,504,29736.0,12704
2026-07-28,S01V2,412,24308.0,10382
2026-07-28,S03V1,406,32074.0,9358
2026-07-28,S03V2,219,17301.0,5038
2026-07-28,S04V1,362,10823.8,8357
2026-07-28,S04V2,241,7205.9,5585
2026-07-28,S05V1,85,3391.5,2102
2026-07-28,S05V2,57,2274.3,1394
2026-07-28,S06V1,70,3150.0,1793
2026-07-28,S07V1,64,4416.0,1508
2026-07-28,S07V2,42,2898.0,1032
2026-07-28,S08V1,29,1711.0,875
2026-07-28,S08V2,29,1711.0,891
2026-07-28,S09V1,62,2039.8,1468
2026-07-28,S09V2,42,1381.8,957
2026-07-28,S10V1,134,3068.6,2772
2026-07-28,S11V1,71,1412.9,1607
2026-07-28,S11V2,47,935.3,1095
2026-07-28,S12V1,21,1029.0,508
2026-07-28,S12V2,14,686.0,335
2026-07-28,S13V1,53,2114.7,1219
2026-07-28,S13V2,35,1396.5,776
2026-07-28,S14V1,15,1185.0,459
2026-07-28,S14V2,15,1185.0,413
2026-07-28,S15V1,90,2331.0,2101
2026-07-28,S16V1,42,1507.8,939
2026-07-29,S01V1,573,33807.0,12131
2026-07-29,S01V2,469,27671.0,9913
2026-07-29,S03V1,361,28519.0,8997
2026-07-29,S03V2,194,15326.0,4844
2026-07-29,S04V1,361,10793.9,7996
2026-07-29,S04V2,241,7205.9,5344
2026-07-29,S05V1,97,3870.3,2005
2026-07-29,S05V2,64,2553.6,1330
2026-07-29,S06V1,80,3600.0,1713
2026-07-29,S07V1,64,4416.0,1444
2026-07-29,S07V2,43,2967.0,989
2026-07-29,S08V1,32,1888.0,843
2026-07-29,S08V2,32,1888.0,859
2026-07-29,S09V1,56,1842.4,1412
2026-07-29,S09V2,38,1250.2,919
2026-07-29,S10V1,132,3022.8,2640
2026-07-29,S11V1,64,1273.6,1543
2026-07-29,S11V2,42,835.8,1053
2026-07-29,S12V1,22,1078.0,486
2026-07-29,S12V2,14,686.0,321
2026-07-29,S13V1,54,2154.6,1165
2026-07-29,S13V2,36,1436.4,740
2026-07-29,S14V1,18,1422.0,441
2026-07-29,S14V2,18,1422.0,395
2026-07-29,S15V1,92,2382.8,2009
2026-07-29,S16V1,38,1364.2,901
2026-07-30,S01V1,582,34338.0,11549
2026-07-30,S01V2,476,28084.0,9437
2026-07-30,S03V1,374,29546.0,8623
2026-07-30,S03V2,201,15879.0,4643
2026-07-30,S04V1,378,11302.2,7618
2026-07-30,S04V2,252,7534.8,5092
2026-07-30,S05V1,81,3231.9,1924
2026-07-30,S05V2,54,2154.6,1276
2026-07-30,S06V1,75,3375.0,1638
2026-07-30,S07V1,73,5037.0,1371
2026-07-30,S07V2,49,3381.0,940
2026-07-30,S08V1,35,2065.0,808
2026-07-30,S08V2,34,2006.0,825
2026-07-30,S09V1,64,2105.6,1348
2026-07-30,S09V2,42,1381.8,877
2026-07-30,S10V1,123,2816.7,2517
2026-07-30,S11V1,65,1293.5,1478
2026-07-30,S11V2,43,855.7,1010
2026-07-30,S12V1,20,980.0,466
2026-07-30,S12V2,14,686.0,307
2026-07-30,S13V1,49,1955.1,1116
2026-07-30,S13V2,33,1316.7,707
2026-07-30,S14V1,15,1185.0,426
2026-07-30,S14V2,15,1185.0,380
2026-07-30,S15V1,88,2279.2,1921
2026-07-30,S16V1,38,1364.2,863
2026-07-31,S01V1,497,29323.0,11052
2026-07-31,S01V2,406,23954.0,9031
2026-07-31,S03V1,398,31442.0,8225
2026-07-31,S03V2,214,16906.0,4429
2026-07-31,S04V1,311,9298.9,7307
2026-07-31,S04V2,207,6189.3,4885
2026-07-31,S05V1,85,3391.5,1839
2026-07-31,S05V2,57,2274.3,1219
2026-07-31,S06V1,65,2925.0,1573
2026-07-31,S07V1,65,4485.0,1306
2026-07-31,S07V2,43,2967.0,897
2026-07-31,S08V1,36,2124.0,772
2026-07-31,S08V2,36,2124.0,789
2026-07-31,S09V1,65,2138.5,1283
2026-07-31,S09V2,43,1414.7,834
2026-07-31,S10V1,112,2564.8,2405
2026-07-31,S11V1,70,1393.0,1408
2026-07-31,S11V2,47,935.3,963
2026-07-31,S12V1,21,1029.0,445
2026-07-31,S12V2,14,686.0,293
2026-07-31,S13V1,57,2274.3,1059
2026-07-31,S13V2,38,1516.2,669
2026-07-31,S14V1,16,1264.0,410
2026-07-31,S14V2,15,1185.0,365
2026-07-31,S15V1,94,2434.6,1827
2026-07-31,S16V1,36,1292.4,827
2026-08-01,S01V1,578,34102.0,10474
2026-08-01,S01V2,473,27907.0,8558
2026-08-01,S02V1,83,13944.0,6502
2026-08-01,S02V2,55,9240.0,4340
2026-08-01,S03V1,437,34523.0,7788
2026-08-01,S03V2,235,18565.0,4194
2026-08-01,S04V1,419,12528.1,6888
2026-08-01,S04V2,279,8342.1,4606
2026-08-01,S05V1,99,3950.1,1740
2026-08-01,S05V2,66,2633.4,1153
2026-08-01,S06V1,79,3555.0,1494
2026-08-01,S07V1,66,4554.0,1240
2026-08-01,S07V2,44,3036.0,853
2026-08-01,S08V1,44,2596.0,728
2026-08-01,S08V2,44,2596.0,745
2026-08-01,S09V1,68,2237.2,1215
2026-08-01,S09V2,45,1480.5,789
2026-08-01,S10V1,134,3068.6,2271
2026-08-01,S11V1,80,1592.0,1328
2026-08-01,S11V2,54,1074.6,909
2026-08-01,S12V1,25,1225.0,420
2026-08-01,S12V2,16,784.0,277
2026-08-01,S13V1,65,2593.5,994
2026-08-01,S13V2,44,1755.6,625
2026-08-01,S14V1,19,1501.0,391
2026-08-01,S14V2,18,1422.0,347
2026-08-01,S15V1,97,2512.3,1730
2026-08-01,S16V1,40,1436.0,787
2026-08-02,S01V1,578,34102.0,9896
2026-08-02,S01V2,473,27907.0,8085
2026-08-02,S02V1,86,14448.0,6416
2026-08-02,S02V2,58,9744.0,4282
2026-08-02,S03V1,456,36024.0,7332
2026-08-02,S03V2,246,19434.0,3948
2026-08-02,S04V1,407,12169.3,6481
2026-08-02,S04V2,271,8102.9,4335
2026-08-02,S05V1,100,3990.0,1640
2026-08-02,S05V2,66,2633.4,1087
2026-08-02,S06V1,89,4005.0,1405
2026-08-02,S07V1,65,4485.0,1175
2026-08-02,S07V2,43,2967.0,810
2026-08-02,S08V1,40,2360.0,688
2026-08-02,S08V2,39,2301.0,706
2026-08-02,S09V1,75,2467.5,1140
2026-08-02,S09V2,50,1645.0,739
2026-08-02,S10V1,135,3091.5,2136
2026-08-02,S11V1,76,1512.4,1252
2026-08-02,S11V2,50,995.0,859
2026-08-02,S12V1,22,1078.0,398
2026-08-02,S12V2,14,686.0,263
2026-08-02,S13V1,64,2553.6,930
2026-08-02,S13V2,43,1715.7,582
2026-08-02,S14V1,21,1659.0,370
2026-08-02,S14V2,20,1580.0,327
2026-08-02,S15V1,105,2719.5,1625
2026-08-02,S16V1,44,1579.6,743
2026-08-03,S01V1,512,30208.0,9384
2026-08-03,S01V2,419,24721.0,7666
2026-08-03,S02V1,79,13272.0,6337
2026-08-03,S02V2,52,8736.0,4230
2026-08-03,S03V1,387,30573.0,6945
2026-08-03,S03V2,208,16432.0,3740
2026-08-03,S04V1,334,9986.6,6147
2026-08-03,S04V2,223,6667.7,4112
2026-08-03,S05V1,101,4029.9,1539
2026-08-03,S05V2,68,2713.2,1019
2026-08-03,S06V1,71,3195.0,1334
2026-08-03,S07V1,55,3795.0,1120
2026-08-03,S07V2,37,2553.0,773
2026-08-03,S08V1,39,2301.0,649
2026-08-03,S08V2,39,2301.0,667
2026-08-03,S09V1,65,2138.5,1075
2026-08-03,S09V2,44,1447.6,695
2026-08-03,S10V1,123,2816.7,2013
2026-08-03,S11V1,70,1393.0,1182
2026-08-03,S11V2,46,915.4,813
2026-08-03,S12V1,21,1029.0,377
2026-08-03,S12V2,14,686.0,249
2026-08-03,S13V1,49,1955.1,881
2026-08-03,S13V2,32,1276.8,550
2026-08-03,S14V1,17,1343.0,353
2026-08-03,S14V2,17,1343.0,310
2026-08-03,S15V1,94,2434.6,1531
2026-08-03,S16V1,38,1364.2,705
2026-08-04,S01V1,576,33984.0,8808
2026-08-04,S01V2,471,27789.0,7195
2026-08-04,S02V1,75,12600.0,6262
2026-08-04,S02V2,50,8400.0,4180
2026-08-04,S03V1,387,30573.0,6558
2026-08-04,S03V2,208,16432.0,3532
2026-08-04,S04V1,359,10734.1,5788
2026-08-04,S04V2,239,7146.1,3873
2026-08-04,S05V1,92,3670.8,1447
2026-08-04,S05V2,61,2433.9,958
2026-08-04,S06V1,66,2970.0,1268
2026-08-04,S07V1,62,4278.0,1058
2026-08-04,S07V2,42,2898.0,731
2026-08-04,S08V1,39,2301.0,610
2026-08-04,S08V2,39,2301.0,628
2026-08-04,S09V1,62,2039.8,1013
2026-08-04,S09V2,42,1381.8,653
2026-08-04,S10V1,118,2702.2,1895
2026-08-04,S11V1,72,1432.8,1110
2026-08-04,S11V2,48,955.2,765
2026-08-04,S12V1,20,980.0,357
2026-08-04,S12V2,14,686.0,235
2026-08-04,S13V1,49,1955.1,832
2026-08-04,S13V2,32,1276.8,1598
2026-08-04,S14V1,18,1422.0,335
2026-08-04,S14V2,17,1343.0,293
2026-08-04,S15V1,88,2279.2,1443
2026-08-04,S16V1,36,1292.4,669
2026-08-05,S01V1,599,35341.0,8209
2026-08-05,S01V2,490,28910.0,6705
2026-08-05,S02V1,85,14280.0,6177
2026-08-05,S02V2,57,9576.0,4123
2026-08-05,S03V1,425,33575.0,6133
2026-08-05,S03V2,229,18091.0,3303
2026-08-05,S04V1,355,10614.5,5433
2026-08-05,S04V2,237,7086.3,3636
2026-08-05,S05V1,96,3830.4,1351
2026-08-05,S05V2,64,2553.6,894
2026-08-05,S06V1,74,3330.0,1194
2026-08-05,S07V1,64,4416.0,994
2026-08-05,S07V2,42,2898.0,689
2026-08-05,S08V1,36,2124.0,574
2026-08-05,S08V2,36,2124.0,592
2026-08-05,S09V1,62,2039.8,2856
2026-08-05,S09V2,42,1381.8,1871
2026-08-05,S10V1,112,2564.8,5443
2026-08-05,S11V1,70,1393.0,3140
2026-08-05,S11V2,46,915.4,719
2026-08-05,S12V1,23,1127.0,334
2026-08-05,S12V2,15,735.0,220
2026-08-05,S13V1,54,2154.6,2428
2026-08-05,S13V2,36,1436.4,1562
2026-08-05,S14V1,17,1343.0,318
2026-08-05,S14V2,17,1343.0,276
2026-08-05,S15V1,95,2460.5,4078
2026-08-05,S16V1,32,1148.8,637
2026-08-06,S01V1,574,33866.0,23925
2026-08-06,S01V2,470,27730.0,19555
2026-08-06,S02V1,83,13944.0,6094
2026-08-06,S02V2,56,9408.0,4067
2026-08-06,S03V1,428,33812.0,17660
2026-08-06,S03V2,231,18249.0,9507
2026-08-06,S04V1,316,9448.4,15842
2026-08-06,S04V2,210,6279.0,10581
2026-08-06,S05V1,85,3391.5,3906
2026-08-06,S05V2,57,2274.3,2592
2026-08-06,S06V1,76,3420.0,3383
2026-08-06,S07V1,65,4485.0,2894
2026-08-06,S07V2,44,3036.0,1965
2026-08-06,S08V1,35,2065.0,1619
2026-08-06,S08V2,35,2065.0,557
2026-08-06,S09V1,59,1941.1,2797
2026-08-06,S09V2,40,1316.0,1831
2026-08-06,S10V1,105,2404.5,5338
2026-08-06,S11V1,70,1393.0,3070
2026-08-06,S11V2,47,935.3,2082
2026-08-06,S12V1,18,882.0,316
2026-08-06,S12V2,12,588.0,628
2026-08-06,S13V1,54,2154.6,2374
2026-08-06,S13V2,36,1436.4,1526
2026-08-06,S14V1,18,1422.0,300
2026-08-06,S14V2,18,1422.0,258
2026-08-06,S15V1,94,2434.6,3984
2026-08-06,S16V1,32,1148.8,605
2026-08-07,S01V1,541,31919.0,23384
2026-08-07,S01V2,442,26078.0,19113
2026-08-07,S02V1,92,15456.0,6002
2026-08-07,S02V2,62,10416.0,4005
2026-08-07,S03V1,395,31205.0,17265
2026-08-07,S03V2,212,16748.0,9295
2026-08-07,S04V1,358,10704.2,15484
2026-08-07,S04V2,239,7146.1,10342
2026-08-07,S05V1,86,3431.4,3820
2026-08-07,S05V2,58,2314.2,2534
2026-08-07,S06V1,69,3105.0,3314
2026-08-07,S07V1,74,5106.0,2820
2026-08-07,S07V2,50,3450.0,1915
2026-08-07,S08V1,34,2006.0,1585
2026-08-07,S08V2,34,2006.0,1603
2026-08-07,S09V1,65,2138.5,2732
2026-08-07,S09V2,43,1414.7,1788
2026-08-07,S10V1,124,2839.6,5214
2026-08-07,S11V1,66,1313.4,3004
2026-08-07,S11V2,44,875.6,2038
2026-08-07,S12V1,22,1078.0,924
2026-08-07,S12V2,14,686.0,614
2026-08-07,S13V1,58,2314.2,2316
2026-08-07,S13V2,38,1516.2,1488
2026-08-07,S14V1,16,1264.0,284
2026-08-07,S14V2,15,1185.0,753
2026-08-07,S15V1,97,2512.3,3887
2026-08-07,S16V1,34,1220.6,1726
2026-08-08,S01V1,589,34751.0,22795
2026-08-08,S01V2,482,28438.0,18631
2026-08-08,S02V1,94,15792.0,5908
2026-08-08,S02V2,62,10416.0,3943
2026-08-08,S03V1,494,39026.0,16771
2026-08-08,S03V2,266,21014.0,9029
2026-08-08,S04V1,400,11960.0,15084
2026-08-08,S04V2,267,7983.3,10075
2026-08-08,S05V1,106,4229.4,3714
2026-08-08,S05V2,71,2832.9,2463
2026-08-08,S06V1,78,3510.0,3236
2026-08-08,S07V1,76,5244.0,2744
2026-08-08,S07V2,51,3519.0,1864
2026-08-08,S08V1,39,2301.0,1546
2026-08-08,S08V2,39,2301.0,1564
2026-08-08,S09V1,71,2335.9,2661
2026-08-08,S09V2,47,1546.3,1741
2026-08-08,S10V1,144,3297.6,5070
2026-08-08,S11V1,88,1751.2,2916
2026-08-08,S11V2,59,1174.1,1979
2026-08-08,S12V1,24,1176.0,900
2026-08-08,S12V2,16,784.0,598
2026-08-08,S13V1,64,2553.6,2252
2026-08-08,S13V2,43,1715.7,1445
2026-08-08,S14V1,18,1422.0,806
2026-08-08,S14V2,18,1422.0,735
2026-08-08,S15V1,94,2434.6,3793
2026-08-08,S16V1,49,1759.1,1677
2026-08-09,S01V1,563,33217.0,22232
2026-08-09,S01V2,460,27140.0,18171
2026-08-09,S02V1,100,16800.0,5808
2026-08-09,S02V2,66,11088.0,3877
2026-08-09,S03V1,456,36024.0,16315
2026-08-09,S03V2,246,19434.0,8783
2026-08-09,S04V1,385,11511.5,14699
2026-08-09,S04V2,257,7684.3,9818
2026-08-09,S05V1,94,3750.6,3620
2026-08-09,S05V2,62,2473.8,2401
2026-08-09,S06V1,80,3600.0,3156
2026-08-09,S07V1,73,5037.0,2671
2026-08-09,S07V2,49,3381.0,1815
2026-08-09,S08V1,40,2360.0,1506
2026-08-09,S08V2,39,2301.0,1525
2026-08-09,S09V1,67,2204.3,2594
2026-08-09,S09V2,45,1480.5,1696
2026-08-09,S10V1,142,3251.8,4928
2026-08-09,S11V1,77,1532.3,2839
2026-08-09,S11V2,52,1034.8,1927
2026-08-09,S12V1,22,1078.0,878
2026-08-09,S12V2,15,735.0,583
2026-08-09,S13V1,58,2314.2,2194
2026-08-09,S13V2,38,1516.2,1407
2026-08-09,S14V1,21,1659.0,785
2026-08-09,S14V2,20,1580.0,715
2026-08-09,S15V1,98,2538.2,3695
2026-08-09,S16V1,43,1543.7,1634
2026-08-10,S01V1,518,30562.0,21714
2026-08-10,S01V2,424,25016.0,17747
2026-08-10,S02V1,90,15120.0,5718
2026-08-10,S02V2,60,10080.0,3817
2026-08-10,S03V1,395,31205.0,15920
2026-08-10,S03V2,213,16827.0,8570
2026-08-10,S04V1,330,9867.0,14369
2026-08-10,S04V2,220,6578.0,9598
2026-08-10,S05V1,82,3271.8,3538
2026-08-10,S05V2,54,2154.6,2347
2026-08-10,S06V1,70,3150.0,3086
2026-08-10,S07V1,66,4554.0,2605
2026-08-10,S07V2,44,3036.0,1771
2026-08-10,S08V1,35,2065.0,1471
2026-08-10,S08V2,34,2006.0,1491
2026-08-10,S09V1,62,2039.8,2532
2026-08-10,S09V2,42,1381.8,1654
2026-08-10,S10V1,111,2541.9,4817
2026-08-10,S11V1,68,1353.2,2771
2026-08-10,S11V2,46,915.4,1881
2026-08-10,S12V1,21,1029.0,857
2026-08-10,S12V2,14,686.0,569
2026-08-10,S13V1,54,2154.6,2140
2026-08-10,S13V2,36,1436.4,1371
2026-08-10,S14V1,15,1185.0,770
2026-08-10,S14V2,14,1106.0,701
2026-08-10,S15V1,94,2434.6,3601
2026-08-10,S16V1,35,1256.5,1599
2026-08-11,S01V1,531,31329.0,21183
2026-08-11,S01V2,434,25606.0,17313
2026-08-11,S02V1,89,14952.0,5629
2026-08-11,S02V2,60,10080.0,3757
2026-08-11,S03V1,395,31205.0,15525
2026-08-11,S03V2,212,16748.0,8358
2026-08-11,S04V1,346,10345.4,14023
2026-08-11,S04V2,230,6877.0,9368
2026-08-11,S05V1,96,3830.4,3442
2026-08-11,S05V2,64,2553.6,2283
2026-08-11,S06V1,76,3420.0,3010
2026-08-11,S07V1,65,4485.0,2540
2026-08-11,S07V2,44,3036.0,1727
2026-08-11,S08V1,40,2360.0,1431
2026-08-11,S08V2,39,2301.0,1452
2026-08-11,S09V1,67,2204.3,2465
2026-08-11,S09V2,45,1480.5,1609
2026-08-11,S10V1,116,2656.4,4701
2026-08-11,S11V1,68,1353.2,2703
2026-08-11,S11V2,46,915.4,1835
2026-08-11,S12V1,20,980.0,837
2026-08-11,S12V2,14,686.0,555
2026-08-11,S13V1,54,2154.6,2086
2026-08-11,S13V2,36,1436.4,1335
2026-08-11,S14V1,16,1264.0,754
2026-08-11,S14V2,15,1185.0,686
2026-08-11,S15V1,95,2460.5,3506
2026-08-11,S16V1,40,1436.0,1559
2026-08-12,S01V1,548,32332.0,20635
2026-08-12,S01V2,449,26491.0,16864
2026-08-12,S02V1,91,15288.0,5538
2026-08-12,S02V2,61,10248.0,3696
2026-08-12,S03V1,371,29309.0,15154
2026-08-12,S03V2,200,15800.0,8158
2026-08-12,S04V1,359,10734.1,13664
2026-08-12,S04V2,239,7146.1,9129
2026-08-12,S05V1,95,3790.5,3347
2026-08-12,S05V2,64,2553.6,2219
2026-08-12,S06V1,71,3195.0,2939
2026-08-12,S07V1,69,4761.0,2471
2026-08-12,S07V2,46,3174.0,1681
2026-08-12,S08V1,35,2065.0,1396
2026-08-12,S08V2,34,2006.0,1418
2026-08-12,S09V1,61,2006.9,2404
2026-08-12,S09V2,40,1316.0,1569
2026-08-12,S10V1,120,2748.0,4581
2026-08-12,S11V1,68,1353.2,2635
2026-08-12,S11V2,46,915.4,1789
2026-08-12,S12V1,19,931.0,818
2026-08-12,S12V2,13,637.0,542
2026-08-12,S13V1,49,1955.1,2037
2026-08-12,S13V2,33,1316.7,1302
2026-08-12,S14V1,18,1422.0,736
2026-08-12,S14V2,17,1343.0,669
2026-08-12,S15V1,92,2382.8,3414
2026-08-12,S16V1,36,1292.4,1523
2026-08-13,S01V1,552,32568.0,20083
2026-08-13,S01V2,452,26668.0,16412
2026-08-13,S02V1,92,15456.0,5446
2026-08-13,S02V2,62,10416.0,3634
2026-08-13,S03V1,413,32627.0,14741
2026-08-13,S03V2,223,17617.0,7935
2026-08-13,S04V1,390,11661.0,13274
2026-08-13,S04V2,260,7774.0,8869
2026-08-13,S05V1,80,3192.0,3267
2026-08-13,S05V2,53,2114.7,2166
2026-08-13,S06V1,74,3330.0,2865
2026-08-13,S07V1,65,4485.0,2406
2026-08-13,S07V2,43,2967.0,1638
2026-08-13,S08V1,34,2006.0,1362
2026-08-13,S08V2,34,2006.0,1384
2026-08-13,S09V1,69,2270.1,2335
2026-08-13,S09V2,46,1513.4,1523
2026-08-13,S10V1,110,2519.0,4471
2026-08-13,S11V1,70,1393.0,2565
2026-08-13,S11V2,46,915.4,1743
2026-08-13,S12V1,22,1078.0,796
2026-08-13,S12V2,14,686.0,528
2026-08-13,S13V1,47,1875.3,1990
2026-08-13,S13V2,32,1276.8,1270
2026-08-13,S14V1,16,1264.0,720
2026-08-13,S14V2,15,1185.0,654
2026-08-13,S15V1,91,2356.9,3323
2026-08-13,S16V1,40,1436.0,1483
2026-08-14,S01V1,581,34279.0,19502
2026-08-14,S01V2,476,28084.0,15936
2026-08-14,S02V1,89,14952.0,5357
2026-08-14,S02V2,59,9912.0,3575
2026-08-14,S03V1,425,33575.0,14316
2026-08-14,S03V2,229,18091.0,7706
2026-08-14,S04V1,312,9328.8,12962
2026-08-14,S04V2,208,6219.2,8661
2026-08-14,S05V1,84,3351.6,3183
2026-08-14,S05V2,56,2234.4,2110
2026-08-14,S06V1,71,3195.0,2794
2026-08-14,S07V1,68,4692.0,2338
2026-08-14,S07V2,45,3105.0,1593
2026-08-14,S08V1,37,2183.0,1325
2026-08-14,S08V2,37,2183.0,1347
2026-08-14,S09V1,61,2006.9,2274
2026-08-14,S09V2,40,1316.0,1483
2026-08-14,S10V1,123,2816.7,4348
2026-08-14,S11V1,70,1393.0,2495
2026-08-14,S11V2,47,935.3,1696
2026-08-14,S12V1,20,980.0,776
2026-08-14,S12V2,14,686.0,514
2026-08-14,S13V1,53,2114.7,1937
2026-08-14,S13V2,35,1396.5,1235
2026-08-14,S14V1,15,1185.0,705
2026-08-14,S14V2,15,1185.0,639
2026-08-14,S15V1,95,2460.5,3228
2026-08-14,S16V1,39,1400.1,1444
2026-08-15,S01V1,609,35931.0,18893
2026-08-15,S01V2,498,29382.0,15438
2026-08-15,S02V1,114,19152.0,5243
2026-08-15,S02V2,76,12768.0,3499
2026-08-15,S03V1,445,35155.0,13871
2026-08-15,S03V2,240,18960.0,7466
2026-08-15,S04V1,392,11720.8,12570
2026-08-15,S04V2,261,7803.9,8400
2026-08-15,S05V1,101,4029.9,3082
2026-08-15,S05V2,67,2673.3,2043
2026-08-15,S06V1,79,3555.0,2715
2026-08-15,S07V1,79,5451.0,2259
2026-08-15,S07V2,52,3588.0,1541
2026-08-15,S08V1,44,2596.0,1281
2026-08-15,S08V2,44,2596.0,1303
2026-08-15,S09V1,70,2303.0,2204
2026-08-15,S09V2,46,1513.4,1437
2026-08-15,S10V1,122,2793.8,4226
2026-08-15,S11V1,74,1472.6,2421
2026-08-15,S11V2,49,975.1,1647
2026-08-15,S12V1,22,1078.0,754
2026-08-15,S12V2,14,686.0,500
2026-08-15,S13V1,58,2314.2,1879
2026-08-15,S13V2,38,1516.2,1197
2026-08-15,S14V1,18,1422.0,687
2026-08-15,S14V2,17,1343.0,622
2026-08-15,S15V1,108,2797.2,3120
2026-08-15,S16V1,40,1436.0,1404
2026-08-16,S01V1,578,34102.0,18315
2026-08-16,S01V2,472,27848.0,14966
2026-08-16,S02V1,122,20496.0,5121
2026-08-16,S02V2,82,13776.0,3417
2026-08-16,S03V1,424,33496.0,13447
2026-08-16,S03V2,229,18091.0,7237
2026-08-16,S04V1,409,12229.1,12161
2026-08-16,S04V2,273,8162.7,8127
2026-08-16,S05V1,104,4149.6,2978
2026-08-16,S05V2,69,2753.1,1974
2026-08-16,S06V1,81,3645.0,2634
2026-08-16,S07V1,71,4899.0,2188
2026-08-16,S07V2,47,3243.0,1494
2026-08-16,S08V1,42,2478.0,1239
2026-08-16,S08V2,41,2419.0,1262
2026-08-16,S09V1,76,2500.4,2128
2026-08-16,S09V2,51,1677.9,1386
2026-08-16,S10V1,153,3503.7,4073
2026-08-16,S11V1,80,1592.0,2341
2026-08-16,S11V2,54,1074.6,1593
2026-08-16,S12V1,24,1176.0,730
2026-08-16,S12V2,16,784.0,484
2026-08-16,S13V1,63,2513.7,1816
2026-08-16,S13V2,42,1675.8,1155
2026-08-16,S14V1,20,1580.0,667
2026-08-16,S14V2,20,1580.0,602
2026-08-16,S15V1,99,2564.1,3021
2026-08-16,S16V1,38,1364.2,1366
2026-08-17,S01V1,566,33394.0,17749
2026-08-17,S01V2,463,27317.0,14503
2026-08-17,S02V1,104,17472.0,5017
2026-08-17,S02V2,69,11592.0,3348
2026-08-17,S03V1,380,30020.0,13067
2026-08-17,S03V2,204,16116.0,7033
2026-08-17,S04V1,376,11242.4,11785
2026-08-17,S04V2,251,7504.9,7876
2026-08-17,S05V1,82,3271.8,2896
2026-08-17,S05V2,54,2154.6,1920
2026-08-17,S06V1,76,3420.0,2558
2026-08-17,S07V1,58,4002.0,2130
2026-08-17,S07V2,38,2622.0,1456
2026-08-17,S08V1,34,2006.0,1205
2026-08-17,S08V2,34,2006.0,1228
2026-08-17,S09V1,67,2204.3,2061
2026-08-17,S09V2,44,1447.6,1342
2026-08-17,S10V1,114,2610.6,3959
2026-08-17,S11V1,71,1412.9,2270
2026-08-17,S11V2,47,935.3,1546
2026-08-17,S12V1,19,931.0,711
2026-08-17,S12V2,12,588.0,472
2026-08-17,S13V1,52,2074.8,1764
2026-08-17,S13V2,34,1356.6,1121
2026-08-17,S14V1,17,1343.0,650
2026-08-17,S14V2,17,1343.0,585
2026-08-17,S15V1,87,2253.3,2934
2026-08-17,S16V1,36,1292.4,1330
2026-08-18,S01V1,572,33748.0,17177
2026-08-18,S01V2,468,27612.0,14035
2026-08-18,S02V1,116,19488.0,4901
2026-08-18,S02V2,77,12936.0,3271
2026-08-18,S03V1,397,31363.0,12670
2026-08-18,S03V2,214,16906.0,6819
2026-08-18,S04V1,381,11391.9,11404
2026-08-18,S04V2,254,7594.6,7622
2026-08-18,S05V1,83,3311.7,2813
2026-08-18,S05V2,56,2234.4,1864
2026-08-18,S06V1,72,3240.0,2486
2026-08-18,S07V1,70,4830.0,2060
2026-08-18,S07V2,46,3174.0,1410
2026-08-18,S08V1,37,2183.0,1168
2026-08-18,S08V2,37,2183.0,1191
2026-08-18,S09V1,67,2204.3,1994
2026-08-18,S09V2,45,1480.5,1297
2026-08-18,S10V1,118,2702.2,3841
2026-08-18,S11V1,65,1293.5,2205
2026-08-18,S11V2,43,855.7,1503
2026-08-18,S12V1,21,1029.0,690
2026-08-18,S12V2,14,686.0,458
2026-08-18,S13V1,58,2314.2,1706
2026-08-18,S13V2,38,1516.2,1083
2026-08-18,S14V1,19,1501.0,631
2026-08-18,S14V2,18,1422.0,567
2026-08-18,S15V1,84,2175.6,2850
2026-08-18,S16V1,32,1148.8,1298
2026-08-19,S01V1,545,32155.0,16632
2026-08-19,S01V2,446,26314.0,13589
2026-08-19,S02V1,107,17976.0,4794
2026-08-19,S02V2,72,12096.0,3199
2026-08-19,S03V1,395,31205.0,12275
2026-08-19,S03V2,212,16748.0,6607
2026-08-19,S04V1,359,10734.1,11045
2026-08-19,S04V2,239,7146.1,7383
2026-08-19,S05V1,94,3750.6,2719
2026-08-19,S05V2,62,2473.8,1802
2026-08-19,S06V1,70,3150.0,2416
2026-08-19,S07V1,61,4209.0,1999
2026-08-19,S07V2,41,2829.0,1369
2026-08-19,S08V1,37,2183.0,1131
2026-08-19,S08V2,37,2183.0,1154
2026-08-19,S09V1,63,2072.7,1931
2026-08-19,S09V2,42,1381.8,1255
2026-08-19,S10V1,124,2839.6,3717
2026-08-19,S11V1,67,1333.3,2138
2026-08-19,S11V2,44,875.6,1459
2026-08-19,S12V1,25,1225.0,665
2026-08-19,S12V2,16,784.0,442
2026-08-19,S13V1,59,2354.1,1647
2026-08-19,S13V2,39,1556.1,1044
2026-08-19,S14V1,20,1580.0,611
2026-08-19,S14V2,20,1580.0,547
2026-08-19,S15V1,81,2097.9,2769
2026-08-19,S16V1,35,1256.5,1263
2026-08-20,S01V1,575,33925.0,16057
2026-08-20,S01V2,471,27789.0,13118
2026-08-20,S02V1,125,21000.0,4669
2026-08-20,S02V2,84,14112.0,3115
2026-08-20,S03V1,392,30968.0,11883
2026-08-20,S03V2,211,16669.0,6396
2026-08-20,S04V1,346,10345.4,10699
2026-08-20,S04V2,230,6877.0,7153
2026-08-20,S05V1,99,3950.1,2620
2026-08-20,S05V2,66,2633.4,1736
2026-08-20,S06V1,68,3060.0,2348
2026-08-20,S07V1,67,4623.0,1932
2026-08-20,S07V2,45,3105.0,1324
2026-08-20,S08V1,33,1947.0,1098
2026-08-20,S08V2,32,1888.0,1122
2026-08-20,S09V1,67,2204.3,1864
2026-08-20,S09V2,44,1447.6,1211
2026-08-20,S10V1,108,2473.2,3609
2026-08-20,S11V1,67,1333.3,2071
2026-08-20,S11V2,44,875.6,1415
2026-08-20,S12V1,21,1029.0,644
2026-08-20,S12V2,14,686.0,428
2026-08-20,S13V1,60,2394.0,1587
2026-08-20,S13V2,40,1596.0,1004
2026-08-20,S14V1,18,1422.0,593
2026-08-20,S14V2,18,1422.0,529
2026-08-20,S15V1,87,2253.3,2682
2026-08-20,S16V1,32,1148.8,1231
2026-08-21,S01V1,530,31270.0,15527
2026-08-21,S01V2,433,25547.0,12685
2026-08-21,S02V1,121,20328.0,4548
2026-08-21,S02V2,81,13608.0,3034
2026-08-21,S03V1,415,32785.0,11468
2026-08-21,S03V2,223,17617.0,6173
2026-08-21,S04V1,347,10375.3,10352
2026-08-21,S04V2,231,6906.9,6922
2026-08-21,S05V1,89,3551.1,2531
2026-08-21,S05V2,59,2354.1,1677
2026-08-21,S06V1,72,3240.0,2276
2026-08-21,S07V1,67,4623.0,1865
2026-08-21,S07V2,45,3105.0,1279
2026-08-21,S08V1,36,2124.0,1062
2026-08-21,S08V2,36,2124.0,1086
2026-08-21,S09V1,63,2072.7,1801
2026-08-21,S09V2,42,1381.8,1169
2026-08-21,S10V1,124,2839.6,3485
2026-08-21,S11V1,77,1532.3,1994
2026-08-21,S11V2,52,1034.8,1363
2026-08-21,S12V1,21,1029.0,623
2026-08-21,S12V2,14,686.0,414
2026-08-21,S13V1,58,2314.2,1529
2026-08-21,S13V2,38,1516.2,966
2026-08-21,S14V1,18,1422.0,575
2026-08-21,S14V2,18,1422.0,511
2026-08-21,S15V1,94,2434.6,2588
2026-08-21,S16V1,42,1507.8,1189
2026-08-22,S01V1,680,40120.0,14847
2026-08-22,S01V2,556,32804.0,12129
2026-08-22,S02V1,148,24864.0,4400
2026-08-22,S02V2,99,16632.0,2935
2026-08-22,S03V1,463,36577.0,11005
2026-08-22,S03V2,249,19671.0,5924
2026-08-22,S04V1,416,12438.4,9936
2026-08-22,S04V2,277,8282.3,6645
2026-08-22,S05V1,101,4029.9,2430
2026-08-22,S05V2,67,2673.3,1610
2026-08-22,S06V1,82,3690.0,2194
2026-08-22,S07V1,78,5382.0,1787
2026-08-22,S07V2,52,3588.0,1227
2026-08-22,S08V1,37,2183.0,1025
2026-08-22,S08V2,36,2124.0,1050
2026-08-22,S09V1,71,2335.9,1730
2026-08-22,S09V2,48,1579.2,1121
2026-08-22,S10V1,138,3160.2,3347
2026-08-22,S11V1,72,1432.8,1922
2026-08-22,S11V2,48,955.2,1315
2026-08-22,S12V1,26,1274.0,597
2026-08-22,S12V2,18,882.0,396
2026-08-22,S13V1,58,2314.2,1471
2026-08-22,S13V2,38,1516.2,928
2026-08-22,S14V1,19,1501.0,556
2026-08-22,S14V2,19,1501.0,492
2026-08-22,S15V1,119,3082.1,2469
2026-08-22,S16V1,40,1436.0,1149
2026-08-23,S01V1,660,38940.0,14187
2026-08-23,S01V2,540,31860.0,11589
2026-08-23,S02V1,134,22512.0,4266
2026-08-23,S02V2,89,14952.0,2846
2026-08-23,S03V1,400,31600.0,10605
2026-08-23,S03V2,215,16985.0,5709
2026-08-23,S04V1,426,12737.4,9510
2026-08-23,S04V2,284,8491.6,6361
2026-08-23,S05V1,104,4149.6,2326
2026-08-23,S05V2,69,2753.1,1541
2026-08-23,S06V1,80,3600.0,2114
2026-08-23,S07V1,83,5727.0,1704
2026-08-23,S07V2,55,3795.0,1172
2026-08-23,S08V1,45,2655.0,980
2026-08-23,S08V2,45,2655.0,1005
2026-08-23,S09V1,76,2500.4,1654
2026-08-23,S09V2,50,1645.0,1071
2026-08-23,S10V1,146,3343.4,3201
2026-08-23,S11V1,77,1532.3,1845
2026-08-23,S11V2,51,1014.9,1264
2026-08-23,S12V1,22,1078.0,575
2026-08-23,S12V2,15,735.0,381
2026-08-23,S13V1,59,2354.1,1412
2026-08-23,S13V2,40,1596.0,888
2026-08-23,S14V1,20,1580.0,536
2026-08-23,S14V2,20,1580.0,472
2026-08-23,S15V1,104,2693.6,2365
2026-08-23,S16V1,42,1507.8,1107
2026-08-24,S01V1,586,34574.0,13601
2026-08-24,S01V2,479,28261.0,11110
2026-08-24,S02V1,111,18648.0,4155
2026-08-24,S02V2,74,12432.0,2772
2026-08-24,S03V1,393,31047.0,10212
2026-08-24,S03V2,211,16669.0,5498
2026-08-24,S04V1,316,9448.4,9194
2026-08-24,S04V2,210,6279.0,6151
2026-08-24,S05V1,100,3990.0,2226
2026-08-24,S05V2,66,2633.4,1475
2026-08-24,S06V1,79,3555.0,2035
2026-08-24,S07V1,66,4554.0,1638
2026-08-24,S07V2,44,3036.0,1128
2026-08-24,S08V1,36,2124.0,944
2026-08-24,S08V2,36,2124.0,969
2026-08-24,S09V1,63,2072.7,1591
2026-08-24,S09V2,42,1381.8,1029
2026-08-24,S10V1,129,2954.1,3072
2026-08-24,S11V1,70,1393.0,1775
2026-08-24,S11V2,46,915.4,1218
2026-08-24,S12V1,21,1029.0,554
2026-08-24,S12V2,14,686.0,367
2026-08-24,S13V1,55,2194.5,1357
2026-08-24,S13V2,36,1436.4,852
2026-08-24,S14V1,15,1185.0,521
2026-08-24,S14V2,15,1185.0,457
2026-08-24,S15V1,85,2201.5,2280
2026-08-24,S16V1,39,1400.1,1068
2026-08-25,S01V1,520,30680.0,13081
2026-08-25,S01V2,426,25134.0,10684
2026-08-25,S02V1,223,37464.0,3932
2026-08-25,S02V2,148,24864.0,2624
2026-08-25,S03V1,381,30099.0,9831
2026-08-25,S03V2,205,16195.0,5293
2026-08-25,S04V1,371,11092.9,8823
2026-08-25,S04V2,247,7385.3,5904
2026-08-25,S05V1,88,3511.2,2138
2026-08-25,S05V2,59,2354.1,1416
2026-08-25,S06V1,80,3600.0,1955
2026-08-25,S07V1,66,4554.0,1572
2026-08-25,S07V2,44,3036.0,1084
2026-08-25,S08V1,36,2124.0,908
2026-08-25,S08V2,36,2124.0,933
2026-08-25,S09V1,64,2105.6,1527
2026-08-25,S09V2,42,1381.8,987
2026-08-25,S10V1,123,2816.7,2949
2026-08-25,S11V1,65,1293.5,1710
2026-08-25,S11V2,43,855.7,1175
2026-08-25,S12V1,20,980.0,534
2026-08-25,S12V2,14,686.0,353
2026-08-25,S13V1,52,2074.8,1305
2026-08-25,S13V2,34,1356.6,818
2026-08-25,S14V1,14,1106.0,507
2026-08-25,S14V2,14,1106.0,443
2026-08-25,S15V1,95,2460.5,2185
2026-08-25,S16V1,38,1364.2,1030
2026-08-26,S01V1,573,33807.0,12508
2026-08-26,S01V2,469,27671.0,10215
2026-08-26,S02V1,202,33936.0,3730
2026-08-26,S02V2,134,22512.0,2490
2026-08-26,S03V1,368,29072.0,9463
2026-08-26,S03V2,198,15642.0,5095
2026-08-26,S04V1,315,9418.5,8508
2026-08-26,S04V2,210,6279.0,5694
2026-08-26,S05V1,78,3112.2,2060
2026-08-26,S05V2,52,2074.8,1364
2026-08-26,S06V1,70,3150.0,1885
2026-08-26,S07V1,62,4278.0,1510
2026-08-26,S07V2,41,2829.0,1043
2026-08-26,S08V1,35,2065.0,873
2026-08-26,S08V2,34,2006.0,899
2026-08-26,S09V1,65,2138.5,1462
2026-08-26,S09V2,44,1447.6,943
2026-08-26,S10V1,116,2656.4,2833
2026-08-26,S11V1,70,1393.0,1640
2026-08-26,S11V2,47,935.3,1128
2026-08-26,S12V1,19,931.0,515
2026-08-26,S12V2,13,637.0,340
2026-08-26,S13V1,53,2114.7,1252
2026-08-26,S13V2,35,1396.5,783
2026-08-26,S14V1,16,1264.0,491
2026-08-26,S14V2,15,1185.0,428
2026-08-26,S15V1,87,2253.3,2098
2026-08-26,S16V1,39,1400.1,991
2026-08-27,S01V1,530,31270.0,11978
2026-08-27,S01V2,433,25547.0,9782
2026-08-27,S02V1,217,36456.0,3513
2026-08-27,S02V2,145,24360.0,2345
2026-08-27,S03V1,391,30889.0,9072
2026-08-27,S03V2,211,16669.0,4884
2026-08-27,S04V1,342,10225.8,8166
2026-08-27,S04V2,228,6817.2,5466
2026-08-27,S05V1,88,3511.2,1972
2026-08-27,S05V2,58,2314.2,1306
2026-08-27,S06V1,75,3375.0,1810
2026-08-27,S07V1,61,4209.0,1449
2026-08-27,S07V2,41,2829.0,1002
2026-08-27,S08V1,36,2124.0,837
2026-08-27,S08V2,36,2124.0,863
2026-08-27,S09V1,65,2138.5,1397
2026-08-27,S09V2,43,1414.7,900
2026-08-27,S10V1,106,2427.4,2727
2026-08-27,S11V1,74,1472.6,1566
2026-08-27,S11V2,50,995.0,1078
2026-08-27,S12V1,19,931.0,496
2026-08-27,S12V2,13,637.0,327
2026-08-27,S13V1,61,2433.9,1191
2026-08-27,S13V2,40,1596.0,743
2026-08-27,S14V1,16,1264.0,475
2026-08-27,S14V2,16,1264.0,412
2026-08-27,S15V1,90,2331.0,2008
2026-08-27,S16V1,38,1364.2,953
2026-08-28,S01V1,602,35518.0,11376
2026-08-28,S01V2,493,29087.0,9289
2026-08-28,S02V1,198,33264.0,3315
2026-08-28,S02V2,132,22176.0,2213
2026-08-28,S03V1,386,30494.0,8686
2026-08-28,S03V2,208,16432.0,4676
2026-08-28,S04V1,366,10943.4,7800
2026-08-28,S04V2,244,7295.6,5222
2026-08-28,S05V1,93,3710.7,1879
2026-08-28,S05V2,62,2473.8,1244
2026-08-28,S06V1,69,3105.0,1741
2026-08-28,S07V1,65,4485.0,1384
2026-08-28,S07V2,44,3036.0,958
2026-08-28,S08V1,33,1947.0,804
2026-08-28,S08V2,33,1947.0,830
2026-08-28,S09V1,65,2138.5,1332
2026-08-28,S09V2,43,1414.7,857
2026-08-28,S10V1,128,2931.2,2599
2026-08-28,S11V1,67,1333.3,1499
2026-08-28,S11V2,45,895.5,1033
2026-08-28,S12V1,19,931.0,477
2026-08-28,S12V2,13,637.0,314
2026-08-28,S13V1,50,1995.0,1141
2026-08-28,S13V2,33,1316.7,710
2026-08-28,S14V1,17,1343.0,458
2026-08-28,S14V2,17,1343.0,395
2026-08-28,S15V1,87,2253.3,1921
2026-08-28,S16V1,39,1400.1,914
2026-08-29,S01V1,576,33984.0,10800
2026-08-29,S01V2,471,27789.0,8818
2026-08-29,S02V1,265,44520.0,9635
2026-08-29,S02V2,177,29736.0,6431
2026-08-29,S03V1,502,39658.0,8184
2026-08-29,S03V2,270,21330.0,4406
2026-08-29,S04V1,376,11242.4,7424
2026-08-29,S04V2,251,7504.9,4971
2026-08-29,S05V1,97,3870.3,1782
2026-08-29,S05V2,64,2553.6,1180
2026-08-29,S06V1,79,3555.0,1662
2026-08-29,S07V1,76,5244.0,1308
2026-08-29,S07V2,51,3519.0,907
2026-08-29,S08V1,41,2419.0,763
2026-08-29,S08V2,40,2360.0,790
2026-08-29,S09V1,71,2335.9,1261
2026-08-29,S09V2,48,1579.2,809
2026-08-29,S10V1,141,3228.9,2458
2026-08-29,S11V1,89,1771.1,1410
2026-08-29,S11V2,59,1174.1,974
2026-08-29,S12V1,23,1127.0,454
2026-08-29,S12V2,15,735.0,299
2026-08-29,S13V1,64,2553.6,1077
2026-08-29,S13V2,43,1715.7,667
2026-08-29,S14V1,18,1422.0,440
2026-08-29,S14V2,18,1422.0,377
2026-08-29,S15V1,116,3004.4,1805
2026-08-29,S16V1,40,1436.0,874
2026-08-30,S01V1,587,34633.0,10213
2026-08-30,S01V2,480,28320.0,8338
2026-08-30,S02V1,232,38976.0,9403
2026-08-30,S02V2,154,25872.0,6277
2026-08-30,S03V1,426,33654.0,7758
2026-08-30,S03V2,230,18170.0,4176
2026-08-30,S04V1,435,13006.5,6989
2026-08-30,S04V2,290,8671.0,4681
2026-08-30,S05V1,101,4029.9,1681
2026-08-30,S05V2,67,2673.3,1113
2026-08-30,S06V1,84,3780.0,1578
2026-08-30,S07V1,71,4899.0,1237
2026-08-30,S07V2,47,3243.0,860
2026-08-30,S08V1,40,2360.0,723
2026-08-30,S08V2,39,2301.0,751
2026-08-30,S09V1,74,2434.6,1187
2026-08-30,S09V2,49,1612.1,760
2026-08-30,S10V1,140,3206.0,2318
2026-08-30,S11V1,70,1393.0,1340
2026-08-30,S11V2,46,915.4,928
2026-08-30,S12V1,25,1225.0,429
2026-08-30,S12V2,17,833.0,282
2026-08-30,S13V1,62,2473.8,1015
2026-08-30,S13V2,41,1635.9,626
2026-08-30,S14V1,19,1501.0,421
2026-08-30,S14V2,19,1501.0,358
2026-08-30,S15V1,104,2693.6,1701
2026-08-30,S16V1,40,1436.0,834
2026-08-31,S01V1,578,34102.0,9635
2026-08-31,S01V2,472,27848.0,7866
2026-08-31,S02V1,214,35952.0,9189
2026-08-31,S02V2,142,23856.0,6135
2026-08-31,S03V1,394,31126.0,7364
2026-08-31,S03V2,212,16748.0,3964
2026-08-31,S04V1,360,10764.0,6629
2026-08-31,S04V2,240,7176.0,4441
2026-08-31,S05V1,80,3192.0,1601
2026-08-31,S05V2,53,2114.7,1060
2026-08-31,S06V1,69,3105.0,1509
2026-08-31,S07V1,64,4416.0,1173
2026-08-31,S07V2,42,2898.0,818
2026-08-31,S08V1,33,1947.0,690
2026-08-31,S08V2,32,1888.0,719
2026-08-31,S09V1,62,2039.8,1125
2026-08-31,S09V2,42,1381.8,718
2026-08-31,S10V1,105,2404.5,2213
2026-08-31,S11V1,73,1452.7,1267
2026-08-31,S11V2,49,975.1,879
2026-08-31,S12V1,17,833.0,412
2026-08-31,S12V2,12,588.0,270
2026-08-31,S13V1,53,2114.7,962
2026-08-31,S13V2,35,1396.5,591
2026-08-31,S14V1,16,1264.0,405
2026-08-31,S14V2,16,1264.0,342
2026-08-31,S15V1,95,2460.5,1606
2026-08-31,S16V1,39,1400.1,795
2026-09-01,S01V1,578,34102.0,9057
2026-09-01,S01V2,472,27848.0,7394
2026-09-01,S02V1,218,36624.0,8971
2026-09-01,S02V2,146,24528.0,5989
2026-09-01,S03V1,392,30968.0,6972
2026-09-01,S03V2,211,16669.0,3753
2026-09-01,S04V1,374,11182.6,6255
2026-09-01,S04V2,250,7475.0,4191
2026-09-01,S05V1,89,3551.1,1512
2026-09-01,S05V2,59,2354.1,1001
2026-09-01,S06V1,75,3375.0,1434
2026-09-01,S07V1,55,3795.0,1118
2026-09-01,S07V2,36,2484.0,782
2026-09-01,S08V1,33,1947.0,657
2026-09-01,S08V2,33,1947.0,686
2026-09-01,S09V1,63,2072.7,1062
2026-09-01,S09V2,42,1381.8,676
2026-09-01,S10V1,128,2931.2,2085
2026-09-01,S11V1,64,1273.6,1203
2026-09-01,S11V2,42,835.8,837
2026-09-01,S12V1,21,1029.0,391
2026-09-01,S12V2,14,686.0,256
2026-09-01,S13V1,55,2194.5,907
2026-09-01,S13V2,36,1436.4,555
2026-09-01,S14V1,18,1422.0,387
2026-09-01,S14V2,18,1422.0,324
2026-09-01,S15V1,88,2279.2,1518
2026-09-01,S16V1,34,1220.6,761
2026-09-02,S01V1,562,33158.0,8495
2026-09-02,S01V2,459,27081.0,6935
2026-09-02,S02V1,221,37128.0,8750
2026-09-02,S02V2,147,24696.0,5842
2026-09-02,S03V1,429,33891.0,6543
2026-09-02,S03V2,231,18249.0,3522
2026-09-02,S04V1,320,9568.0,5935
2026-09-02,S04V2,214,6398.6,3977
2026-09-02,S05V1,88,3511.2,1424
2026-09-02,S05V2,58,2314.2,943
2026-09-02,S06V1,79,3555.0,1355
2026-09-02,S07V1,64,4416.0,1054
2026-09-02,S07V2,42,2898.0,740
2026-09-02,S08V1,33,1947.0,624
2026-09-02,S08V2,33,1947.0,653
2026-09-02,S09V1,65,2138.5,997
2026-09-02,S09V2,43,1414.7,633
2026-09-02,S10V1,110,2519.0,1975
2026-09-02,S11V1,68,1353.2,1135
2026-09-02,S11V2,46,915.4,791
2026-09-02,S12V1,19,931.0,372
2026-09-02,S12V2,13,637.0,243
2026-09-02,S13V1,50,1995.0,857
2026-09-02,S13V2,33,1316.7,1602
2026-09-02,S14V1,17,1343.0,370
2026-09-02,S14V2,17,1343.0,307
2026-09-02,S15V1,98,2538.2,1420
2026-09-02,S16V1,39,1400.1,722
2026-09-03,S01V1,527,31093.0,24258
2026-09-03,S01V2,432,25488.0,19823
2026-09-03,S02V1,205,34440.0,8545
2026-09-03,S02V2,137,23016.0,5705
2026-09-03,S03V1,378,29862.0,6165
2026-09-03,S03V2,203,16037.0,3319
2026-09-03,S04V1,355,10614.5,5580
2026-09-03,S04V2,237,7086.3,3740
2026-09-03,S05V1,76,3032.4,1348
2026-09-03,S05V2,51,2034.9,892
2026-09-03,S06V1,74,3330.0,1281
2026-09-03,S07V1,58,4002.0,996
2026-09-03,S07V2,39,2691.0,701
2026-09-03,S08V1,34,2006.0,590
2026-09-03,S08V2,34,2006.0,619
2026-09-03,S09V1,56,1842.4,2846
2026-09-03,S09V2,38,1250.2,1855
2026-09-03,S10V1,122,2793.8,1853
2026-09-03,S11V1,65,1293.5,1070
2026-09-03,S11V2,43,855.7,748
2026-09-03,S12V1,22,1078.0,350
2026-09-03,S12V2,14,686.0,229
2026-09-03,S13V1,52,2074.8,2455
2026-09-03,S13V2,34,1356.6,1568
2026-09-03,S14V1,18,1422.0,352
2026-09-03,S14V2,18,1422.0,289
2026-09-03,S15V1,85,2201.5,4065
2026-09-03,S16V1,39,1400.1,683
2026-09-04,S01V1,518,30562.0,23740
2026-09-04,S01V2,424,25016.0,19399
2026-09-04,S02V1,227,38136.0,8318
2026-09-04,S02V2,151,25368.0,5554
2026-09-04,S03V1,365,28835.0,17755
2026-09-04,S03V2,197,15563.0,9557
2026-09-04,S04V1,366,10943.4,15939
2026-09-04,S04V2,244,7295.6,10651
2026-09-04,S05V1,84,3351.6,3904
2026-09-04,S05V2,56,2234.4,2591
2026-09-04,S06V1,76,3420.0,1205
2026-09-04,S07V1,62,4278.0,2899
2026-09-04,S07V2,41,2829.0,660
2026-09-04,S08V1,37,2183.0,553
2026-09-04,S08V2,37,2183.0,582
2026-09-04,S09V1,62,2039.8,2784
2026-09-04,S09V2,42,1381.8,1813
2026-09-04,S10V1,108,2473.2,5405
2026-09-04,S11V1,71,1412.9,3099
2026-09-04,S11V2,47,935.3,2111
2026-09-04,S12V1,19,931.0,331
2026-09-04,S12V2,13,637.0,216
2026-09-04,S13V1,55,2194.5,2400
2026-09-04,S13V2,36,1436.4,1532
2026-09-04,S14V1,18,1422.0,334
2026-09-04,S14V2,18,1422.0,271
2026-09-04,S15V1,90,2331.0,3975
2026-09-04,S16V1,36,1292.4,647
2026-09-05,S01V1,641,37819.0,23099
2026-09-05,S01V2,525,30975.0,18874
2026-09-05,S02V1,263,44184.0,8055
2026-09-05,S02V2,175,29400.0,5379
2026-09-05,S03V1,440,34760.0,17315
2026-09-05,S03V2,237,18723.0,9320
2026-09-05,S04V1,394,11780.6,15545
2026-09-05,S04V2,262,7833.8,10389
2026-09-05,S05V1,106,4229.4,3798
2026-09-05,S05V2,71,2832.9,2520
2026-09-05,S06V1,80,3600.0,3390
2026-09-05,S07V1,80,5520.0,2819
2026-09-05,S07V2,54,3726.0,1926
2026-09-05,S08V1,41,2419.0,1592
2026-09-05,S08V2,40,2360.0,542
2026-09-05,S09V1,67,2204.3,2717
2026-09-05,S09V2,45,1480.5,1768
2026-09-05,S10V1,120,2748.0,5285
2026-09-05,S11V1,84,1671.6,3015
2026-09-05,S11V2,56,1114.4,2055
2026-09-05,S12V1,22,1078.0,939
2026-09-05,S12V2,15,735.0,621
2026-09-05,S13V1,65,2593.5,2335
2026-09-05,S13V2,44,1755.6,1488
2026-09-05,S14V1,19,1501.0,315
2026-09-05,S14V2,19,1501.0,762
2026-09-05,S15V1,109,2823.1,3866
2026-09-05,S16V1,43,1543.7,604
2026-09-06,S01V1,568,33512.0,22531
2026-09-06,S01V2,465,27435.0,18409
2026-09-06,S02V1,257,43176.0,7798
2026-09-06,S02V2,171,28728.0,5208
2026-09-06,S03V1,476,37604.0,16839
2026-09-06,S03V2,256,20224.0,9064
2026-09-06,S04V1,449,13425.1,15096
2026-09-06,S04V2,300,8970.0,10089
2026-09-06,S05V1,95,3790.5,3703
2026-09-06,S05V2,64,2553.6,2456
2026-09-06,S06V1,84,3780.0,3306
2026-09-06,S07V1,73,5037.0,2746
2026-09-06,S07V2,48,3312.0,1878
2026-09-06,S08V1,42,2478.0,1550
2026-09-06,S08V2,41,2419.0,1581
2026-09-06,S09V1,61,2006.9,2656
2026-09-06,S09V2,40,1316.0,1728
2026-09-06,S10V1,132,3022.8,5153
2026-09-06,S11V1,76,1512.4,2939
2026-09-06,S11V2,50,995.0,2005
2026-09-06,S12V1,22,1078.0,917
2026-09-06,S12V2,14,686.0,607
2026-09-06,S13V1,63,2513.7,2272
2026-09-06,S13V2,42,1675.8,1446
2026-09-06,S14V1,18,1422.0,297
2026-09-06,S14V2,18,1422.0,744
2026-09-06,S15V1,111,2874.9,3755
2026-09-06,S16V1,43,1543.7,1716
2026-09-07,S01V1,564,33276.0,21967
2026-09-07,S01V2,461,27199.0,17948
2026-09-07,S02V1,242,40656.0,7556
2026-09-07,S02V2,162,27216.0,5046
2026-09-07,S03V1,434,34286.0,16405
2026-09-07,S03V2,234,18486.0,8830
2026-09-07,S04V1,335,10016.5,14761
2026-09-07,S04V2,223,6667.7,9866
2026-09-07,S05V1,86,3431.4,3617
2026-09-07,S05V2,57,2274.3,2399
2026-09-07,S06V1,71,3195.0,3235
2026-09-07,S07V1,64,4416.0,2682
2026-09-07,S07V2,43,2967.0,1835
2026-09-07,S08V1,42,2478.0,1508
2026-09-07,S08V2,42,2478.0,1539
2026-09-07,S09V1,64,2105.6,2592
2026-09-07,S09V2,42,1381.8,1686
2026-09-07,S10V1,118,2702.2,5035
2026-09-07,S11V1,70,1393.0,2869
2026-09-07,S11V2,46,915.4,1959
2026-09-07,S12V1,19,931.0,898
2026-09-07,S12V2,12,588.0,595
2026-09-07,S13V1,50,1995.0,2222
2026-09-07,S13V2,34,1356.6,1412
2026-09-07,S14V1,17,1343.0,280
2026-09-07,S14V2,17,1343.0,727
2026-09-07,S15V1,91,2356.9,3664
2026-09-07,S16V1,35,1256.5,1681
2026-09-08,S01V1,498,29382.0,21469
2026-09-08,S01V2,408,24072.0,17540
2026-09-08,S02V1,210,35280.0,7346
2026-09-08,S02V2,140,23520.0,4906
2026-09-08,S03V1,399,31521.0,16006
2026-09-08,S03V2,215,16985.0,8615
2026-09-08,S04V1,326,9747.4,14435
2026-09-08,S04V2,218,6518.2,9648
2026-09-08,S05V1,80,3192.0,3537
2026-09-08,S05V2,53,2114.7,2346
2026-09-08,S06V1,71,3195.0,3164
2026-09-08,S07V1,68,4692.0,2614
2026-09-08,S07V2,46,3174.0,1789
2026-09-08,S08V1,34,2006.0,1474
2026-09-08,S08V2,34,2006.0,1505
2026-09-08,S09V1,63,2072.7,2529
2026-09-08,S09V2,42,1381.8,1644
2026-09-08,S10V1,130,2977.0,4905
2026-09-08,S11V1,70,1393.0,2799
2026-09-08,S11V2,46,915.4,1913
2026-09-08,S12V1,20,980.0,878
2026-09-08,S12V2,14,686.0,581
2026-09-08,S13V1,49,1955.1,2173
2026-09-08,S13V2,33,1316.7,1379
2026-09-08,S14V1,16,1264.0,804
2026-09-08,S14V2,16,1264.0,711
2026-09-08,S15V1,97,2512.3,3567
2026-09-08,S16V1,38,1364.2,1643
2026-09-09,S01V1,531,31329.0,20938
2026-09-09,S01V2,435,25665.0,17105
2026-09-09,S02V1,245,41160.0,7101
2026-09-09,S02V2,163,27384.0,4743
2026-09-09,S03V1,381,30099.0,15625
2026-09-09,S03V2,205,16195.0,8410
2026-09-09,S04V1,336,10046.4,14099
2026-09-09,S04V2,224,6697.6,9424
2026-09-09,S05V1,81,3231.9,3456
2026-09-09,S05V2,54,2154.6,2292
2026-09-09,S06V1,74,3330.0,3090
2026-09-09,S07V1,65,4485.0,2549
2026-09-09,S07V2,44,3036.0,1745
2026-09-09,S08V1,33,1947.0,1441
2026-09-09,S08V2,33,1947.0,1472
2026-09-09,S09V1,65,2138.5,2464
2026-09-09,S09V2,43,1414.7,1601
2026-09-09,S10V1,122,2793.8,4783
2026-09-09,S11V1,67,1333.3,2732
2026-09-09,S11V2,45,895.5,1868
2026-09-09,S12V1,19,931.0,859
2026-09-09,S12V2,12,588.0,569
2026-09-09,S13V1,53,2114.7,2120
2026-09-09,S13V2,35,1396.5,1344
2026-09-09,S14V1,18,1422.0,786
2026-09-09,S14V2,18,1422.0,693
2026-09-09,S15V1,97,2512.3,3470
2026-09-09,S16V1,39,1400.1,1604
2026-09-10,S01V1,491,28969.0,20447
2026-09-10,S01V2,402,23718.0,16703
2026-09-10,S02V1,237,39816.0,6864
2026-09-10,S02V2,158,26544.0,4585
2026-09-10,S03V1,383,30257.0,15242
2026-09-10,S03V2,206,16274.0,8204
2026-09-10,S04V1,344,10285.6,13755
2026-09-10,S04V2,230,6877.0,9194
2026-09-10,S05V1,86,3431.4,3370
2026-09-10,S05V2,58,2314.2,2234
2026-09-10,S06V1,72,3240.0,3018
2026-09-10,S07V1,68,4692.0,2481
2026-09-10,S07V2,46,3174.0,1699
2026-09-10,S08V1,34,2006.0,1407
2026-09-10,S08V2,34,2006.0,1438
2026-09-10,S09V1,59,1941.1,2405
2026-09-10,S09V2,40,1316.0,1561
2026-09-10,S10V1,122,2793.8,4661
2026-09-10,S11V1,71,1412.9,2661
2026-09-10,S11V2,47,935.3,1821
2026-09-10,S12V1,19,931.0,840
2026-09-10,S12V2,12,588.0,557
2026-09-10,S13V1,56,2234.4,2064
2026-09-10,S13V2,38,1516.2,1306
2026-09-10,S14V1,16,1264.0,770
2026-09-10,S14V2,16,1264.0,677
2026-09-10,S15V1,87,2253.3,3383
2026-09-10,S16V1,32,1148.8,1572
2026-09-11,S01V1,566,33394.0,19881
2026-09-11,S01V2,463,27317.0,16240
2026-09-11,S02V1,244,40992.0,6620
2026-09-11,S02V2,162,27216.0,4423
2026-09-11,S03V1,399,31521.0,14843
2026-09-11,S03V2,215,16985.0,7989
2026-09-11,S04V1,349,10435.1,13406
2026-09-11,S04V2,233,6966.7,8961
2026-09-11,S05V1,83,3311.7,3287
2026-09-11,S05V2,55,2194.5,2179
2026-09-11,S06V1,65,2925.0,2953
2026-09-11,S07V1,71,4899.0,2410
2026-09-11,S07V2,48,3312.0,1651
2026-09-11,S08V1,39,2301.0,1368
2026-09-11,S08V2,39,2301.0,1399
2026-09-11,S09V1,61,2006.9,2344
2026-09-11,S09V2,41,1348.9,1520
2026-09-11,S10V1,102,2335.8,4559
2026-09-11,S11V1,73,1452.7,2588
2026-09-11,S11V2,49,975.1,1772
2026-09-11,S12V1,19,931.0,821
2026-09-11,S12V2,13,637.0,544
2026-09-11,S13V1,57,2274.3,2007
2026-09-11,S13V2,38,1516.2,1268
2026-09-11,S14V1,18,1422.0,752
2026-09-11,S14V2,18,1422.0,659
2026-09-11,S15V1,90,2331.0,3293
2026-09-11,S16V1,36,1292.4,1536
2026-09-12,S01V1,636,37524.0,19245
2026-09-12,S01V2,520,30680.0,15720
2026-09-12,S02V1,285,47880.0,6335
2026-09-12,S02V2,190,31920.0,4233
2026-09-12,S03V1,474,37446.0,14369
2026-09-12,S03V2,255,20145.0,7734
2026-09-12,S04V1,378,11302.2,3960
2026-09-12,S04V2,252,7534.8,8709
2026-09-12,S05V1,99,3950.1,3188
2026-09-12,S05V2,66,2633.4,2113
2026-09-12,S06V1,82,3690.0,2871
2026-09-12,S07V1,76,5244.0,2334
2026-09-12,S07V2,51,3519.0,1600
2026-09-12,S08V1,41,2419.0,1327
2026-09-12,S08V2,40,2360.0,1359
2026-09-12,S09V1,72,2368.8,2272
2026-09-12,S09V2,48,1579.2,1472
2026-09-12,S10V1,134,3068.6,4425
2026-09-12,S11V1,88,1751.2,2500
2026-09-12,S11V2,58,1154.2,1714
2026-09-12,S12V1,22,1078.0,799
2026-09-12,S12V2,15,735.0,529
2026-09-12,S13V1,63,2513.7,1944
2026-09-12,S13V2,42,1675.8,1226
2026-09-12,S14V1,19,1501.0,733
2026-09-12,S14V2,18,1422.0,641
2026-09-12,S15V1,101,2615.9,3192
2026-09-12,S16V1,39,1400.1,1497
2026-09-13,S01V1,547,32273.0,18698
2026-09-13,S01V2,447,26373.0,15273
2026-09-13,S02V1,282,47376.0,6053
2026-09-13,S02V2,188,31584.0,4045
2026-09-13,S03V1,489,38631.0,13880
2026-09-13,S03V2,264,20856.0,7470
2026-09-13,S04V1,376,11242.4,3584
2026-09-13,S04V2,251,7504.9,8458
2026-09-13,S05V1,101,4029.9,3087
2026-09-13,S05V2,67,2673.3,2046
2026-09-13,S06V1,98,4410.0,2773
2026-09-13,S07V1,76,5244.0,2258
2026-09-13,S07V2,51,3519.0,1549
2026-09-13,S08V1,38,2242.0,1289
2026-09-13,S08V2,37,2183.0,1322
2026-09-13,S09V1,71,2335.9,2201
2026-09-13,S09V2,48,1579.2,1424
2026-09-13,S10V1,134,3068.6,4291
2026-09-13,S11V1,83,1651.7,2417
2026-09-13,S11V2,55,1094.5,1659
2026-09-13,S12V1,24,1176.0,775
2026-09-13,S12V2,16,784.0,513
2026-09-13,S13V1,62,2473.8,1882
2026-09-13,S13V2,42,1675.8,1184
2026-09-13,S14V1,18,1422.0,715
2026-09-13,S14V2,17,1343.0,624
2026-09-13,S15V1,104,2693.6,3088
2026-09-13,S16V1,35,1256.5,1462
2026-09-14,S01V1,455,26845.0,18243
2026-09-14,S01V2,372,21948.0,14901
2026-09-14,S02V1,235,39480.0,5818
2026-09-14,S02V2,157,26376.0,3888
2026-09-14,S03V1,436,34444.0,13444
2026-09-14,S03V2,234,18486.0,7236
2026-09-14,S04V1,352,10524.8,3232
2026-09-14,S04V2,234,6996.6,8224
2026-09-14,S05V1,94,3750.6,2993
2026-09-14,S05V2,62,2473.8,1984
2026-09-14,S06V1,75,3375.0,2698
2026-09-14,S07V1,71,4899.0,2187
2026-09-14,S07V2,47,3243.0,1502
2026-09-14,S08V1,35,2065.0,1254
2026-09-14,S08V2,34,2006.0,1288
2026-09-14,S09V1,64,2105.6,2137
2026-09-14,S09V2,42,1381.8,1382
2026-09-14,S10V1,114,2610.6,4177
2026-09-14,S11V1,72,1432.8,2345
2026-09-14,S11V2,48,955.2,1611
2026-09-14,S12V1,20,980.0,755
2026-09-14,S12V2,14,686.0,499
2026-09-14,S13V1,53,2114.7,1829
2026-09-14,S13V2,35,1396.5,1149
2026-09-14,S14V1,18,1422.0,697
2026-09-14,S14V2,17,1343.0,607
2026-09-14,S15V1,91,2356.9,2997
2026-09-14,S16V1,34,1220.6,1428
2026-09-15,S01V1,455,26845.0,17788
2026-09-15,S01V2,372,21948.0,14529
2026-09-15,S02V1,159,26712.0,5659
2026-09-15,S02V2,106,17808.0,3782
2026-09-15,S03V1,391,30889.0,13053
2026-09-15,S03V2,210,16590.0,7026
2026-09-15,S04V1,344,10285.6,2888
2026-09-15,S04V2,230,6877.0,7994
2026-09-15,S05V1,83,3311.7,2910
2026-09-15,S05V2,56,2234.4,1928
2026-09-15,S06V1,79,3555.0,2619
2026-09-15,S07V1,58,4002.0,2129
2026-09-15,S07V2,39,2691.0,1463
2026-09-15,S08V1,32,1888.0,1222
2026-09-15,S08V2,32,1888.0,1256
2026-09-15,S09V1,58,1908.2,2079
2026-09-15,S09V2,39,1283.1,1343
2026-09-15,S10V1,126,2885.4,4051
2026-09-15,S11V1,64,1273.6,2281
2026-09-15,S11V2,42,835.8,1569
2026-09-15,S12V1,23,1127.0,732
2026-09-15,S12V2,15,735.0,484
2026-09-15,S13V1,53,2114.7,1776
2026-09-15,S13V2,35,1396.5,1114
2026-09-15,S14V1,18,1422.0,679
2026-09-15,S14V2,17,1343.0,590
2026-09-15,S15V1,87,2253.3,2910
2026-09-15,S16V1,35,1256.5,1393
2026-09-16,S01V1,470,27730.0,17318
2026-09-16,S01V2,384,22656.0,14145
2026-09-16,S02V1,158,26544.0,5501
2026-09-16,S02V2,106,17808.0,3676
2026-09-16,S03V1,398,31442.0,12655
2026-09-16,S03V2,214,16906.0,6812
2026-09-16,S04V1,342,10225.8,2546
2026-09-16,S04V2,228,6817.2,7766
2026-09-16,S05V1,84,3351.6,2826
2026-09-16,S05V2,56,2234.4,1872
2026-09-16,S06V1,68,3060.0,2551
2026-09-16,S07V1,60,4140.0,2069
2026-09-16,S07V2,40,2760.0,1423
2026-09-16,S08V1,35,2065.0,1187
2026-09-16,S08V2,34,2006.0,1222
2026-09-16,S09V1,61,2006.9,2018
2026-09-16,S09V2,40,1316.0,1303
2026-09-16,S10V1,134,3068.6,3917
2026-09-16,S11V1,70,1393.0,2211
2026-09-16,S11V2,47,935.3,1522
2026-09-16,S12V1,22,1078.0,710
2026-09-16,S12V2,14,686.0,470
2026-09-16,S13V1,54,2154.6,1722
2026-09-16,S13V2,36,1436.4,1078
2026-09-16,S14V1,18,1422.0,661
2026-09-16,S14V2,18,1422.0,572
2026-09-16,S15V1,88,2279.2,2822
2026-09-16,S16V1,35,1256.5,1358
2026-09-17,S01V1,458,27022.0,16860
2026-09-17,S01V2,374,22066.0,13771
2026-09-17,S02V1,137,23016.0,5364
2026-09-17,S02V2,92,15456.0,3584
2026-09-17,S03V1,417,32943.0,12238
2026-09-17,S03V2,224,17696.0,6588
2026-09-17,S04V1,340,10166.0,2206
2026-09-17,S04V2,226,6757.4,7540
2026-09-17,S05V1,88,3511.2,2738
2026-09-17,S05V2,58,2314.2,1814
2026-09-17,S06V1,72,3240.0,2479
2026-09-17,S07V1,60,4140.0,2009
2026-09-17,S07V2,40,2760.0,1383
2026-09-17,S08V1,37,2183.0,1150
2026-09-17,S08V2,36,2124.0,1186
2026-09-17,S09V1,61,2006.9,1957
2026-09-17,S09V2,41,1348.9,1262
2026-09-17,S10V1,117,2679.3,3800
2026-09-17,S11V1,70,1393.0,2141
2026-09-17,S11V2,47,935.3,1475
2026-09-17,S12V1,22,1078.0,688
2026-09-17,S12V2,14,686.0,456
2026-09-17,S13V1,55,2194.5,1667
2026-09-17,S13V2,37,1476.3,1041
2026-09-17,S14V1,18,1422.0,643
2026-09-17,S14V2,17,1343.0,555
2026-09-17,S15V1,88,2279.2,2734
2026-09-17,S16V1,35,1256.5,1323
2026-09-18,S01V1,402,23718.0,16458
2026-09-18,S01V2,329,19411.0,13442
2026-09-18,S02V1,143,24024.0,5221
2026-09-18,S02V2,95,15960.0,3489
2026-09-18,S03V1,397,31363.0,11841
2026-09-18,S03V2,214,16906.0,6374
2026-09-18,S04V1,361,10793.9,1845
2026-09-18,S04V2,241,7205.9,7299
2026-09-18,S05V1,101,4029.9,2637
2026-09-18,S05V2,68,2713.2,1746
2026-09-18,S06V1,84,3780.0,2395
2026-09-18,S07V1,61,4209.0,1948
2026-09-18,S07V2,40,2760.0,1343
2026-09-18,S08V1,32,1888.0,1118
2026-09-18,S08V2,32,1888.0,1154
2026-09-18,S09V1,59,1941.1,1898
2026-09-18,S09V2,39,1283.1,1223
2026-09-18,S10V1,111,2541.9,3689
2026-09-18,S11V1,62,1233.8,2079
2026-09-18,S11V2,42,835.8,1433
2026-09-18,S12V1,21,1029.0,667
2026-09-18,S12V2,14,686.0,442
2026-09-18,S13V1,50,1995.0,1617
2026-09-18,S13V2,34,1356.6,1007
2026-09-18,S14V1,16,1264.0,627
2026-09-18,S14V2,16,1264.0,539
2026-09-18,S15V1,87,2253.3,2647
2026-09-18,S16V1,35,1256.5,1288
2026-09-19,S01V1,465,27435.0,15993
2026-09-19,S01V2,381,22479.0,13061
2026-09-19,S02V1,175,29400.0,5046
2026-09-19,S02V2,117,19656.0,3372
2026-09-19,S03V1,450,35550.0,11391
2026-09-19,S03V2,243,19197.0,6131
2026-09-19,S04V1,387,11571.3,1458
2026-09-19,S04V2,258,7714.2,7041
2026-09-19,S05V1,97,3870.3,2540
2026-09-19,S05V2,65,2593.5,1681
2026-09-19,S06V1,82,3690.0,2313
2026-09-19,S07V1,73,5037.0,1875
2026-09-19,S07V2,48,3312.0,1295
2026-09-19,S08V1,45,2655.0,1073
2026-09-19,S08V2,45,2655.0,1109
2026-09-19,S09V1,75,2467.5,1823
2026-09-19,S09V2,50,1645.0,1173
2026-09-19,S10V1,118,2702.2,3571
2026-09-19,S11V1,70,1393.0,2009
2026-09-19,S11V2,47,935.3,1386
2026-09-19,S12V1,23,1127.0,644
2026-09-19,S12V2,15,735.0,427
2026-09-19,S13V1,55,2194.5,1562
2026-09-19,S13V2,37,1476.3,970
2026-09-19,S14V1,19,1501.0,608
2026-09-19,S14V2,19,1501.0,520
2026-09-19,S15V1,102,2641.8,2545
2026-09-19,S16V1,47,1687.3,1241
2026-09-20,S01V1,539,31801.0,15454
2026-09-20,S01V2,441,26019.0,12620
2026-09-20,S02V1,177,29736.0,4869
2026-09-20,S02V2,118,19824.0,3254
2026-09-20,S03V1,450,35550.0,10941
2026-09-20,S03V2,242,19118.0,5889
2026-09-20,S04V1,383,11451.7,1075
2026-09-20,S04V2,255,7624.5,6786
2026-09-20,S05V1,96,3830.4,2444
2026-09-20,S05V2,64,2553.6,1617
2026-09-20,S06V1,86,3870.0,2227
2026-09-20,S07V1,76,5244.0,1799
2026-09-20,S07V2,51,3519.0,1244
2026-09-20,S08V1,36,2124.0,1037
2026-09-20,S08V2,36,2124.0,1073
2026-09-20,S09V1,62,2039.8,1761
2026-09-20,S09V2,42,1381.8,1131
2026-09-20,S10V1,128,2931.2,3443
2026-09-20,S11V1,80,1592.0,1929
2026-09-20,S11V2,54,1074.6,1332
2026-09-20,S12V1,25,1225.0,619
2026-09-20,S12V2,17,833.0,410
2026-09-20,S13V1,61,2433.9,1501
2026-09-20,S13V2,40,1596.0,930
2026-09-20,S14V1,21,1659.0,587
2026-09-20,S14V2,20,1580.0,500
2026-09-20,S15V1,102,2641.8,2443
2026-09-20,S16V1,43,1543.7,1198
