product_id,product_name,category,sub_category,launch_date,cost_price,list_price
S01,挂耳咖啡 精品混合装,snacks,咖啡,2025-01-15,28.0,59.0
S02,坚果中秋礼盒,snacks,坚果,2026-08-01,95.0,168.0
S03,每日坚果 30 包,snacks,坚果,2024-10-01,40.0,79.0
S04,苏打饼干 家庭装,snacks,饼干,2025-02-01,14.5,29.9
S05,夏威夷果 奶油味,snacks,坚果,2025-03-01,22.0,39.9
S06,盐焗腰果,snacks,坚果,2025-05-01,26.0,45.0
S07,冻干咖啡粉,snacks,咖啡,2025-04-01,40.0,69.0
S08,冷萃咖啡液,snacks,咖啡,2025-06-01,38.0,59.0
S09,速溶三合一咖啡,snacks,咖啡,2024-09-01,20.0,32.9
S10,全麦饼干,snacks,饼干,2025-01-01,12.0,22.9
S11,巧克力夹心饼干,snacks,饼干,2024-11-01,11.0,19.9
S12,手工蛋卷礼盒,snacks,饼干,2025-03-15,30.0,49.0
S13,猪肉脯,snacks,肉脯果干,2024-12-01,22.0,39.9
S14,风干牛肉干,snacks,肉脯果干,2025-02-01,45.0,79.0
S15,芒果干,snacks,肉脯果干,2025-04-01,13.0,25.9
S16,冻干草莓,snacks,肉脯果干,2025-07-01,20.0,35.9
